{"stats":{"minecraft:killed":{"minecraft:armadillo":1,"minecraft:pig":2,"minecraft:skeleton":1,"minecraft:sheep":3,"minecraft:cow":4},"minecraft:crafted":{"minecraft:cooked_beef":4,"minecraft:wooden_sword":2,"minecraft:stone_pickaxe":2,"minecraft:stone_sword":1},"minecraft:custom":{"minecraft:mob_kills":12,"minecraft:interact_with_crafting_table":16,"minecraft:leave_game":3,"minecraft:time_since_death":0,"minecraft:time_since_rest":371,"minecraft:sprint_one_cm":205891,"minecraft:damage_taken":3102,"minecraft:walk_one_cm":255864,"minecraft:damage_blocked_by_shield":53,"minecraft:drop":12,"minecraft:damage_dealt":1956,"minecraft:swim_one_cm":91904,"minecraft:fly_one_cm":268752,"minecraft:open_chest":3,"minecraft:play_time":96111,"minecraft:crouch_one_cm":1679,"minecraft:deaths":9,"minecraft:sneak_time":713,"minecraft:walk_under_water_one_cm":5615,"minecraft:jump":1354,"minecraft:walk_on_water_one_cm":24838,"minecraft:interact_with_smoker":2,"minecraft:total_world_time":96111,"minecraft:fall_one_cm":34877},"minecraft:picked_up":{"minecraft:crafting_table":1,"minecraft:cooked_beef":6,"minecraft:andesite":18,"minecraft:leather":11,"minecraft:wooden_pickaxe":3,"minecraft:oak_log":28,"minecraft:shield":3,"minecraft:dirt":24,"minecraft:string":1,"minecraft:raw_copper":4,"minecraft:wooden_sword":3,"minecraft:bone":5,"minecraft:bow":1,"minecraft:wheat_seeds":20,"minecraft:iron_ingot":16,"minecraft:beef":11,"minecraft:iron_pickaxe":2,"minecraft:sugar_cane":2,"minecraft:oak_planks":8,"minecraft:furnace":2,"minecraft:stick":14,"minecraft:raw_iron":73,"minecraft:acacia_fence":1,"minecraft:acacia_log":14,"minecraft:torch":1,"minecraft:dandelion":1,"minecraft:porkchop":4,"minecraft:spider_eye":1,"minecraft:stone_sword":2,"minecraft:arrow":6,"minecraft:rotten_flesh":4,"minecraft:granite":13,"minecraft:coal":63,"minecraft:mutton":4,"minecraft:white_wool":9,"minecraft:cobblestone":303},"minecraft:broken":{"minecraft:stone_pickaxe":1,"minecraft:wooden_pickaxe":2},"minecraft:killed_by":{"minecraft:player":2,"minecraft:skeleton":2,"minecraft:creeper":1,"minecraft:spider":1,"minecraft:zombie":1,"minecraft:enderman":1},"minecraft:dropped":{"minecraft:wheat_seeds":7,"minecraft:cobblestone":16,"minecraft:oak_planks":4,"minecraft:granite":7,"minecraft:acacia_log":3,"minecraft:gold_nugget":2,"minecraft:spider_eye":1,"minecraft:wooden_sword":1,"minecraft:arrow":1,"minecraft:stone_pickaxe":1},"minecraft:used":{"minecraft:stone_sword":40,"minecraft:acacia_log":5,"minecraft:stone_pickaxe":235,"minecraft:wooden_pickaxe":51,"minecraft:shield":1,"minecraft:rotten_flesh":1,"minecraft:mutton":4,"minecraft:crafting_table":1,"minecraft:oak_log":14,"minecraft:iron_pickaxe":7,"minecraft:wooden_sword":61,"minecraft:beef":8,"minecraft:porkchop":1,"minecraft:cooked_beef":6},"minecraft:mined":{"minecraft:kelp_plant":1,"minecraft:dandelion":1,"minecraft:crafting_table":1,"minecraft:granite":10,"minecraft:short_grass":203,"minecraft:acacia_log":7,"minecraft:grass_block":8,"minecraft:tall_grass":19,"minecraft:copper_ore":1,"minecraft:tall_seagrass":1,"minecraft:andesite":12,"minecraft:oak_log":16,"minecraft:coal_ore":17,"minecraft:acacia_fence":1,"minecraft:dirt":13,"minecraft:stone":210,"minecraft:oak_leaves":3}},"DataVersion":3955}