{"stats":{"minecraft:crafted":{"minecraft:wooden_sword":2},"minecraft:killed":{"minecraft:sheep":3,"minecraft:cow":2},"minecraft:custom":{"minecraft:time_since_rest":1535,"minecraft:sprint_one_cm":40500,"minecraft:damage_taken":322,"minecraft:walk_one_cm":61256,"minecraft:mob_kills":5,"minecraft:drop":1,"minecraft:damage_dealt":583,"minecraft:interact_with_crafting_table":14,"minecraft:fly_one_cm":63953,"minecraft:crouch_one_cm":835,"minecraft:play_time":23410,"minecraft:deaths":1,"minecraft:sneak_time":224,"minecraft:jump":327,"minecraft:time_since_death":1487,"minecraft:total_world_time":23410,"minecraft:fall_one_cm":5608},"minecraft:broken":{"minecraft:wooden_pickaxe":1},"minecraft:picked_up":{"minecraft:stick":5,"minecraft:crafting_table":1,"minecraft:leather":3,"minecraft:acacia_log":6,"minecraft:wooden_pickaxe":2,"minecraft:oak_log":14,"minecraft:dirt":3,"minecraft:rotten_flesh":1,"minecraft:wheat_seeds":3,"minecraft:beef":4,"minecraft:oak_planks":8,"minecraft:mutton":4,"minecraft:white_wool":3,"minecraft:cobblestone":22},"minecraft:killed_by":{"minecraft:skeleton":1},"minecraft:dropped":{"minecraft:oak_planks":4},"minecraft:used":{"minecraft:wooden_pickaxe":44,"minecraft:wooden_sword":9,"minecraft:mutton":4,"minecraft:beef":1,"minecraft:crafting_table":1},"minecraft:mined":{"minecraft:crafting_table":1,"minecraft:short_grass":44,"minecraft:acacia_log":6,"minecraft:oak_log":16,"minecraft:dirt":4,"minecraft:tall_grass":4,"minecraft:stone":22,"minecraft:oak_leaves":3}},"DataVersion":3955}