{"stats":{"minecraft:killed":{"minecraft:sheep":3,"minecraft:cow":1},"minecraft:custom":{"minecraft:time_since_rest":11410,"minecraft:crouch_one_cm":666,"minecraft:play_time":11410,"minecraft:sprint_one_cm":19970,"minecraft:damage_taken":172,"minecraft:walk_one_cm":32780,"minecraft:sneak_time":159,"minecraft:mob_kills":4,"minecraft:drop":1,"minecraft:jump":169,"minecraft:damage_dealt":380,"minecraft:time_since_death":11410,"minecraft:total_world_time":11410,"minecraft:interact_with_crafting_table":7,"minecraft:fall_one_cm":4087,"minecraft:fly_one_cm":37582},"minecraft:picked_up":{"minecraft:leather":1,"minecraft:wheat_seeds":1,"minecraft:acacia_log":6,"minecraft:beef":1,"minecraft:oak_log":9,"minecraft:mutton":4,"minecraft:oak_planks":8,"minecraft:white_wool":3},"minecraft:used":{"minecraft:mutton":1,"minecraft:beef":1},"minecraft:dropped":{"minecraft:oak_planks":4},"minecraft:mined":{"minecraft:short_grass":29,"minecraft:acacia_log":6,"minecraft:oak_log":11,"minecraft:tall_grass":1,"minecraft:oak_leaves":2}},"DataVersion":3955}