{"stats":{"minecraft:killed":{"minecraft:armadillo":1,"minecraft:pig":1,"minecraft:skeleton":1,"minecraft:sheep":3,"minecraft:cow":4},"minecraft:crafted":{"minecraft:cooked_beef":4,"minecraft:wooden_sword":2,"minecraft:stone_pickaxe":2,"minecraft:stone_sword":1},"minecraft:custom":{"minecraft:mob_kills":10,"minecraft:interact_with_crafting_table":16,"minecraft:leave_game":1,"minecraft:time_since_death":7466,"minecraft:time_since_rest":7637,"minecraft:sprint_one_cm":161336,"minecraft:damage_taken":1851,"minecraft:walk_one_cm":229735,"minecraft:damage_blocked_by_shield":53,"minecraft:drop":12,"minecraft:damage_dealt":1716,"minecraft:swim_one_cm":30508,"minecraft:fly_one_cm":185133,"minecraft:open_chest":2,"minecraft:crouch_one_cm":925,"minecraft:play_time":79816,"minecraft:deaths":5,"minecraft:sneak_time":451,"minecraft:walk_under_water_one_cm":2810,"minecraft:jump":1023,"minecraft:walk_on_water_one_cm":7087,"minecraft:interact_with_smoker":2,"minecraft:total_world_time":79816,"minecraft:fall_one_cm":24786},"minecraft:picked_up":{"minecraft:crafting_table":1,"minecraft:cooked_beef":6,"minecraft:andesite":18,"minecraft:leather":11,"minecraft:wooden_pickaxe":3,"minecraft:oak_log":28,"minecraft:shield":3,"minecraft:dirt":24,"minecraft:string":1,"minecraft:wooden_sword":3,"minecraft:raw_copper":4,"minecraft:bone":4,"minecraft:bow":1,"minecraft:wheat_seeds":10,"minecraft:iron_ingot":16,"minecraft:beef":11,"minecraft:iron_pickaxe":2,"minecraft:sugar_cane":2,"minecraft:oak_planks":8,"minecraft:furnace":2,"minecraft:stick":14,"minecraft:raw_iron":73,"minecraft:acacia_fence":1,"minecraft:dandelion":1,"minecraft:torch":1,"minecraft:acacia_log":14,"minecraft:porkchop":3,"minecraft:spider_eye":1,"minecraft:stone_sword":2,"minecraft:arrow":4,"minecraft:rotten_flesh":4,"minecraft:granite":13,"minecraft:coal":63,"minecraft:mutton":4,"minecraft:white_wool":9,"minecraft:cobblestone":303},"minecraft:broken":{"minecraft:stone_pickaxe":1,"minecraft:wooden_pickaxe":2},"minecraft:killed_by":{"minecraft:player":2,"minecraft:skeleton":1,"minecraft:zombie":1,"minecraft:enderman":1},"minecraft:dropped":{"minecraft:wheat_seeds":7,"minecraft:cobblestone":16,"minecraft:oak_planks":4,"minecraft:granite":7,"minecraft:acacia_log":3,"minecraft:gold_nugget":2,"minecraft:spider_eye":1,"minecraft:wooden_sword":1,"minecraft:arrow":1,"minecraft:stone_pickaxe":1},"minecraft:used":{"minecraft:stone_sword":36,"minecraft:acacia_log":5,"minecraft:stone_pickaxe":235,"minecraft:wooden_pickaxe":51,"minecraft:shield":1,"minecraft:rotten_flesh":1,"minecraft:mutton":4,"minecraft:crafting_table":1,"minecraft:oak_log":14,"minecraft:iron_pickaxe":7,"minecraft:wooden_sword":61,"minecraft:beef":8,"minecraft:cooked_beef":4},"minecraft:mined":{"minecraft:dandelion":1,"minecraft:crafting_table":1,"minecraft:granite":10,"minecraft:short_grass":106,"minecraft:acacia_log":7,"minecraft:grass_block":8,"minecraft:tall_grass":6,"minecraft:copper_ore":1,"minecraft:andesite":12,"minecraft:oak_log":16,"minecraft:coal_ore":17,"minecraft:acacia_fence":1,"minecraft:dirt":13,"minecraft:stone":210,"minecraft:oak_leaves":3}},"DataVersion":3955}