{"stats":{"minecraft:crafted":{"minecraft:wooden_sword":2,"minecraft:stone_pickaxe":1},"minecraft:killed":{"minecraft:sheep":3,"minecraft:armadillo":1,"minecraft:cow":4},"minecraft:custom":{"minecraft:time_since_rest":13535,"minecraft:sprint_one_cm":94013,"minecraft:damage_taken":432,"minecraft:walk_one_cm":98550,"minecraft:mob_kills":8,"minecraft:drop":3,"minecraft:damage_dealt":978,"minecraft:interact_with_crafting_table":15,"minecraft:fly_one_cm":123704,"minecraft:open_chest":2,"minecraft:crouch_one_cm":878,"minecraft:play_time":35410,"minecraft:deaths":1,"minecraft:sneak_time":234,"minecraft:walk_under_water_one_cm":1359,"minecraft:jump":612,"minecraft:walk_on_water_one_cm":459,"minecraft:time_since_death":13487,"minecraft:total_world_time":35410,"minecraft:fall_one_cm":15867},"minecraft:broken":{"minecraft:wooden_pickaxe":2},"minecraft:picked_up":{"minecraft:stick":8,"minecraft:crafting_table":1,"minecraft:acacia_fence":1,"minecraft:leather":7,"minecraft:torch":1,"minecraft:acacia_log":12,"minecraft:wooden_pickaxe":3,"minecraft:oak_log":28,"minecraft:dirt":10,"minecraft:wooden_sword":2,"minecraft:arrow":2,"minecraft:rotten_flesh":2,"minecraft:wheat_seeds":7,"minecraft:beef":11,"minecraft:sugar_cane":1,"minecraft:oak_planks":8,"minecraft:mutton":4,"minecraft:white_wool":6,"minecraft:cobblestone":35},"minecraft:killed_by":{"minecraft:skeleton":1},"minecraft:dropped":{"minecraft:wheat_seeds":3,"minecraft:oak_planks":4,"minecraft:arrow":1},"minecraft:used":{"minecraft:oak_log":5,"minecraft:wooden_pickaxe":51,"minecraft:rotten_flesh":1,"minecraft:wooden_sword":42,"minecraft:mutton":4,"minecraft:beef":5,"minecraft:crafting_table":1},"minecraft:mined":{"minecraft:crafting_table":1,"minecraft:short_grass":73,"minecraft:acacia_log":6,"minecraft:grass_block":1,"minecraft:oak_log":16,"minecraft:acacia_fence":1,"minecraft:dirt":7,"minecraft:tall_grass":6,"minecraft:stone":23,"minecraft:oak_leaves":3}},"DataVersion":3955}