{"stats":{"minecraft:killed":{"minecraft:sheep":3,"minecraft:armadillo":1,"minecraft:cow":4},"minecraft:crafted":{"minecraft:cooked_beef":4,"minecraft:wooden_sword":2,"minecraft:stone_pickaxe":2,"minecraft:stone_sword":1},"minecraft:custom":{"minecraft:time_since_rest":37535,"minecraft:sprint_one_cm":121604,"minecraft:damage_taken":707,"minecraft:walk_one_cm":177004,"minecraft:mob_kills":8,"minecraft:drop":12,"minecraft:damage_dealt":1188,"minecraft:swim_one_cm":5038,"minecraft:interact_with_crafting_table":16,"minecraft:fly_one_cm":142443,"minecraft:open_chest":2,"minecraft:crouch_one_cm":879,"minecraft:play_time":59410,"minecraft:deaths":1,"minecraft:sneak_time":301,"minecraft:walk_under_water_one_cm":2030,"minecraft:jump":779,"minecraft:walk_on_water_one_cm":3348,"minecraft:time_since_death":37487,"minecraft:interact_with_smoker":2,"minecraft:total_world_time":59410,"minecraft:fall_one_cm":18135},"minecraft:picked_up":{"minecraft:stick":12,"minecraft:crafting_table":1,"minecraft:acacia_fence":1,"minecraft:andesite":9,"minecraft:leather":7,"minecraft:torch":1,"minecraft:acacia_log":14,"minecraft:wooden_pickaxe":3,"minecraft:oak_log":28,"minecraft:raw_copper":2,"minecraft:spider_eye":1,"minecraft:string":1,"minecraft:dirt":17,"minecraft:wooden_sword":2,"minecraft:arrow":2,"minecraft:rotten_flesh":3,"minecraft:wheat_seeds":8,"minecraft:granite":10,"minecraft:beef":11,"minecraft:coal":17,"minecraft:sugar_cane":1,"minecraft:oak_planks":8,"minecraft:mutton":4,"minecraft:white_wool":6,"minecraft:cobblestone":239},"minecraft:broken":{"minecraft:stone_pickaxe":1,"minecraft:wooden_pickaxe":2},"minecraft:killed_by":{"minecraft:skeleton":1},"minecraft:dropped":{"minecraft:wheat_seeds":7,"minecraft:spider_eye":1,"minecraft:gold_nugget":2,"minecraft:wooden_sword":1,"minecraft:cobblestone":16,"minecraft:oak_planks":4,"minecraft:granite":7,"minecraft:arrow":1,"minecraft:stone_pickaxe":1,"minecraft:acacia_log":3},"minecraft:used":{"minecraft:oak_log":14,"minecraft:acacia_log":5,"minecraft:stone_pickaxe":235,"minecraft:wooden_pickaxe":51,"minecraft:rotten_flesh":1,"minecraft:wooden_sword":61,"minecraft:mutton":4,"minecraft:beef":8,"minecraft:crafting_table":1,"minecraft:cooked_beef":4},"minecraft:mined":{"minecraft:andesite":12,"minecraft:crafting_table":1,"minecraft:granite":10,"minecraft:short_grass":83,"minecraft:coal_ore":17,"minecraft:acacia_log":7,"minecraft:grass_block":3,"minecraft:oak_log":16,"minecraft:acacia_fence":1,"minecraft:dirt":10,"minecraft:copper_ore":1,"minecraft:tall_grass":6,"minecraft:stone":210,"minecraft:oak_leaves":3}},"DataVersion":3955}