{"stats":{"minecraft:killed":{"minecraft:armadillo":1,"minecraft:skeleton":1,"minecraft:sheep":3,"minecraft:cow":4},"minecraft:crafted":{"minecraft:cooked_beef":4,"minecraft:wooden_sword":2,"minecraft:stone_pickaxe":2,"minecraft:stone_sword":1},"minecraft:custom":{"minecraft:mob_kills":9,"minecraft:interact_with_crafting_table":16,"minecraft:leave_game":1,"minecraft:time_since_death":1691,"minecraft:time_since_rest":1810,"minecraft:sprint_one_cm":126517,"minecraft:damage_taken":1015,"minecraft:walk_one_cm":200724,"minecraft:damage_blocked_by_shield":53,"minecraft:drop":12,"minecraft:damage_dealt":1297,"minecraft:swim_one_cm":5038,"minecraft:fly_one_cm":148040,"minecraft:open_chest":2,"minecraft:crouch_one_cm":914,"minecraft:play_time":67816,"minecraft:deaths":2,"minecraft:sneak_time":402,"minecraft:walk_under_water_one_cm":2030,"minecraft:jump":851,"minecraft:walk_on_water_one_cm":3348,"minecraft:interact_with_smoker":2,"minecraft:total_world_time":67816,"minecraft:fall_one_cm":20045},"minecraft:picked_up":{"minecraft:crafting_table":1,"minecraft:andesite":18,"minecraft:leather":11,"minecraft:wooden_pickaxe":3,"minecraft:oak_log":28,"minecraft:shield":2,"minecraft:dirt":17,"minecraft:string":1,"minecraft:wooden_sword":3,"minecraft:raw_copper":4,"minecraft:bone":4,"minecraft:bow":1,"minecraft:wheat_seeds":8,"minecraft:beef":11,"minecraft:iron_pickaxe":1,"minecraft:sugar_cane":2,"minecraft:oak_planks":8,"minecraft:furnace":1,"minecraft:stick":14,"minecraft:raw_iron":48,"minecraft:acacia_fence":1,"minecraft:torch":1,"minecraft:acacia_log":14,"minecraft:spider_eye":1,"minecraft:stone_sword":1,"minecraft:arrow":4,"minecraft:rotten_flesh":4,"minecraft:granite":13,"minecraft:coal":50,"minecraft:mutton":4,"minecraft:white_wool":9,"minecraft:cobblestone":303},"minecraft:broken":{"minecraft:stone_pickaxe":1,"minecraft:wooden_pickaxe":2},"minecraft:killed_by":{"minecraft:player":1,"minecraft:skeleton":1},"minecraft:dropped":{"minecraft:wheat_seeds":7,"minecraft:cobblestone":16,"minecraft:oak_planks":4,"minecraft:granite":7,"minecraft:acacia_log":3,"minecraft:gold_nugget":2,"minecraft:spider_eye":1,"minecraft:wooden_sword":1,"minecraft:arrow":1,"minecraft:stone_pickaxe":1},"minecraft:used":{"minecraft:stone_sword":9,"minecraft:acacia_log":5,"minecraft:stone_pickaxe":235,"minecraft:wooden_pickaxe":51,"minecraft:shield":1,"minecraft:rotten_flesh":1,"minecraft:mutton":4,"minecraft:crafting_table":1,"minecraft:oak_log":14,"minecraft:wooden_sword":61,"minecraft:beef":8,"minecraft:cooked_beef":4},"minecraft:mined":{"minecraft:crafting_table":1,"minecraft:granite":10,"minecraft:short_grass":83,"minecraft:acacia_log":7,"minecraft:grass_block":3,"minecraft:tall_grass":6,"minecraft:copper_ore":1,"minecraft:andesite":12,"minecraft:oak_log":16,"minecraft:coal_ore":17,"minecraft:acacia_fence":1,"minecraft:dirt":10,"minecraft:stone":210,"minecraft:oak_leaves":3}},"DataVersion":3955}