{"stats":{"minecraft:killed":{"minecraft:pig":15,"minecraft:spider":1,"minecraft:skeleton":4,"minecraft:sheep":6,"minecraft:zombie":7,"minecraft:cow":1},"minecraft:crafted":{"minecraft:oak_planks":24,"minecraft:cooked_porkchop":24,"minecraft:crafting_table":2,"minecraft:wooden_pickaxe":1,"minecraft:iron_helmet":1,"minecraft:iron_sword":1,"minecraft:furnace":2,"minecraft:stone_axe":1,"minecraft:cooked_mutton":5,"minecraft:air":0,"minecraft:iron_boots":1,"minecraft:iron_chestplate":1,"minecraft:shield":1,"minecraft:stick":20,"minecraft:iron_ingot":30,"minecraft:iron_pickaxe":1,"minecraft:stone_pickaxe":1,"minecraft:stone_sword":1,"minecraft:iron_leggings":1,"minecraft:acacia_planks":84,"minecraft:torch":44,"minecraft:smoker":1},"minecraft:custom":{"minecraft:interact_with_furnace":30,"minecraft:mob_kills":35,"minecraft:interact_with_crafting_table":18,"minecraft:leave_game":2,"minecraft:time_since_death":51545,"minecraft:climb_one_cm":1012,"minecraft:time_since_rest":51814,"minecraft:sprint_one_cm":115340,"minecraft:damage_taken":3027,"minecraft:walk_one_cm":98228,"minecraft:damage_blocked_by_shield":1114,"minecraft:drop":2,"minecraft:damage_dealt":4418,"minecraft:swim_one_cm":29531,"minecraft:fly_one_cm":228538,"minecraft:open_chest":3,"minecraft:crouch_one_cm":4649,"minecraft:play_time":56403,"minecraft:deaths":4,"minecraft:sneak_time":4251,"minecraft:walk_under_water_one_cm":18755,"minecraft:jump":1423,"minecraft:walk_on_water_one_cm":25426,"minecraft:interact_with_smoker":8,"minecraft:total_world_time":56403,"minecraft:fall_one_cm":41958},"minecraft:picked_up":{"minecraft:cocoa_beans":7,"minecraft:crafting_table":4,"minecraft:jungle_log":1,"minecraft:andesite":1,"minecraft:leather":2,"minecraft:smoker":2,"minecraft:oak_log":6,"minecraft:dirt":15,"minecraft:string":2,"minecraft:raw_copper":2,"minecraft:bone":5,"minecraft:acacia_planks":2,"minecraft:wheat_seeds":8,"minecraft:beef":3,"minecraft:sugar_cane":7,"minecraft:bamboo":127,"minecraft:melon_slice":44,"minecraft:furnace":2,"minecraft:stick":1,"minecraft:raw_iron":31,"minecraft:cooked_porkchop":1,"minecraft:pumpkin":4,"minecraft:torch":6,"minecraft:acacia_log":25,"minecraft:gravel":1,"minecraft:porkchop":38,"minecraft:diorite":6,"minecraft:spider_eye":1,"minecraft:arrow":5,"minecraft:rotten_flesh":3,"minecraft:granite":9,"minecraft:oak_sapling":4,"minecraft:mutton":11,"minecraft:coal":78,"minecraft:white_wool":6,"minecraft:cobblestone":89},"minecraft:killed_by":{"minecraft:skeleton":2,"minecraft:zombie":2},"minecraft:dropped":{"minecraft:raw_copper":2,"minecraft:cooked_porkchop":1},"minecraft:used":{"minecraft:diorite":5,"minecraft:stone_sword":115,"minecraft:stone_pickaxe":109,"minecraft:wooden_pickaxe":9,"minecraft:shield":16,"minecraft:iron_sword":49,"minecraft:torch":35,"minecraft:crafting_table":4,"minecraft:granite":9,"minecraft:smoker":2,"minecraft:melon_slice":4,"minecraft:iron_pickaxe":63,"minecraft:jungle_log":1,"minecraft:stone_axe":51,"minecraft:cobblestone":64,"minecraft:furnace":2,"minecraft:cooked_porkchop":22,"minecraft:andesite":1,"minecraft:acacia_planks":73},"minecraft:mined":{"minecraft:smoker":2,"minecraft:crafting_table":4,"minecraft:granite":9,"minecraft:short_grass":75,"minecraft:acacia_log":26,"minecraft:grass_block":1,"minecraft:melon":8,"minecraft:tall_grass":2,"minecraft:copper_ore":1,"minecraft:cobblestone":3,"minecraft:sugar_cane":3,"minecraft:diorite":6,"minecraft:wall_torch":6,"minecraft:furnace":2,"minecraft:iron_ore":30,"minecraft:andesite":1,"minecraft:pumpkin":4,"minecraft:oak_log":6,"minecraft:coal_ore":37,"minecraft:cocoa":3,"minecraft:deepslate_iron_ore":1,"minecraft:gravel":1,"minecraft:dirt":4,"minecraft:bamboo":10,"minecraft:acacia_planks":2,"minecraft:stone":85,"minecraft:fern":7,"minecraft:oak_leaves":6}},"DataVersion":3955}