{"stats":{"minecraft:killed":{"minecraft:pig":15,"minecraft:spider":1,"minecraft:sheep":5,"minecraft:skeleton":2,"minecraft:zombie":3,"minecraft:cow":1},"minecraft:crafted":{"minecraft:oak_planks":24,"minecraft:cooked_porkchop":22,"minecraft:crafting_table":1,"minecraft:wooden_pickaxe":1,"minecraft:furnace":2,"minecraft:stone_axe":1,"minecraft:air":0,"minecraft:iron_chestplate":1,"minecraft:shield":1,"minecraft:stick":16,"minecraft:iron_ingot":20,"minecraft:stone_pickaxe":1,"minecraft:stone_sword":1,"minecraft:iron_leggings":1,"minecraft:acacia_planks":76,"minecraft:torch":40,"minecraft:smoker":1},"minecraft:custom":{"minecraft:interact_with_furnace":11,"minecraft:mob_kills":27,"minecraft:interact_with_crafting_table":13,"minecraft:leave_game":1,"minecraft:time_since_death":28323,"minecraft:time_since_rest":28592,"minecraft:sprint_one_cm":69862,"minecraft:damage_taken":2062,"minecraft:walk_one_cm":55646,"minecraft:damage_blocked_by_shield":776,"minecraft:damage_dealt":3152,"minecraft:swim_one_cm":24407,"minecraft:fly_one_cm":114514,"minecraft:crouch_one_cm":2559,"minecraft:play_time":33181,"minecraft:deaths":4,"minecraft:sneak_time":1985,"minecraft:walk_under_water_one_cm":15507,"minecraft:jump":778,"minecraft:walk_on_water_one_cm":22096,"minecraft:total_world_time":33181,"minecraft:interact_with_smoker":4,"minecraft:fall_one_cm":25578},"minecraft:picked_up":{"minecraft:crafting_table":2,"minecraft:leather":2,"minecraft:smoker":1,"minecraft:oak_log":6,"minecraft:string":2,"minecraft:dirt":2,"minecraft:bone":1,"minecraft:acacia_planks":2,"minecraft:wheat_seeds":3,"minecraft:beef":3,"minecraft:stick":1,"minecraft:raw_iron":22,"minecraft:torch":3,"minecraft:acacia_log":25,"minecraft:gravel":1,"minecraft:porkchop":34,"minecraft:spider_eye":1,"minecraft:arrow":4,"minecraft:oak_sapling":3,"minecraft:mutton":7,"minecraft:coal":51,"minecraft:cobblestone":49,"minecraft:white_wool":5},"minecraft:killed_by":{"minecraft:skeleton":2,"minecraft:zombie":2},"minecraft:used":{"minecraft:stone_sword":107,"minecraft:stone_pickaxe":94,"minecraft:wooden_pickaxe":9,"minecraft:shield":8,"minecraft:torch":31,"minecraft:crafting_table":3,"minecraft:smoker":1,"minecraft:stone_axe":36,"minecraft:cobblestone":19,"minecraft:furnace":1,"minecraft:cooked_porkchop":12,"minecraft:acacia_planks":48},"minecraft:mined":{"minecraft:smoker":1,"minecraft:crafting_table":2,"minecraft:short_grass":32,"minecraft:acacia_log":26,"minecraft:tall_grass":1,"minecraft:wall_torch":3,"minecraft:iron_ore":21,"minecraft:coal_ore":32,"minecraft:oak_log":6,"minecraft:deepslate_iron_ore":1,"minecraft:gravel":1,"minecraft:dirt":2,"minecraft:acacia_planks":2,"minecraft:stone":46}},"DataVersion":3955}