{"stats":{"minecraft:crafted":{"minecraft:oak_planks":24,"minecraft:cooked_porkchop":22,"minecraft:crafting_table":1,"minecraft:stick":16,"minecraft:wooden_pickaxe":1,"minecraft:stone_pickaxe":1,"minecraft:stone_sword":1,"minecraft:furnace":1,"minecraft:acacia_planks":76,"minecraft:torch":40,"minecraft:stone_axe":1,"minecraft:air":0,"minecraft:smoker":1},"minecraft:killed":{"minecraft:sheep":5,"minecraft:pig":15,"minecraft:spider":1,"minecraft:cow":1},"minecraft:custom":{"minecraft:time_since_rest":16592,"minecraft:sprint_one_cm":52754,"minecraft:damage_taken":1395,"minecraft:walk_one_cm":36607,"minecraft:mob_kills":22,"minecraft:damage_dealt":2154,"minecraft:interact_with_crafting_table":6,"minecraft:swim_one_cm":7633,"minecraft:fly_one_cm":98364,"minecraft:crouch_one_cm":454,"minecraft:play_time":21181,"minecraft:deaths":4,"minecraft:sneak_time":257,"minecraft:walk_under_water_one_cm":661,"minecraft:jump":567,"minecraft:leave_game":1,"minecraft:time_since_death":16323,"minecraft:walk_on_water_one_cm":1141,"minecraft:interact_with_smoker":4,"minecraft:total_world_time":21181,"minecraft:fall_one_cm":21382},"minecraft:picked_up":{"minecraft:stick":1,"minecraft:crafting_table":2,"minecraft:leather":2,"minecraft:torch":3,"minecraft:acacia_log":25,"minecraft:smoker":1,"minecraft:porkchop":34,"minecraft:oak_log":6,"minecraft:spider_eye":1,"minecraft:string":2,"minecraft:wheat_seeds":3,"minecraft:beef":3,"minecraft:oak_sapling":3,"minecraft:mutton":7,"minecraft:coal":51,"minecraft:white_wool":5,"minecraft:cobblestone":43},"minecraft:killed_by":{"minecraft:skeleton":2,"minecraft:zombie":2},"minecraft:used":{"minecraft:stone_sword":83,"minecraft:stone_pickaxe":68,"minecraft:wooden_pickaxe":9,"minecraft:stone_axe":33,"minecraft:torch":12,"minecraft:cobblestone":10,"minecraft:crafting_table":2,"minecraft:cooked_porkchop":5,"minecraft:acacia_planks":16,"minecraft:smoker":1},"minecraft:mined":{"minecraft:smoker":1,"minecraft:crafting_table":2,"minecraft:oak_log":6,"minecraft:short_grass":32,"minecraft:acacia_log":26,"minecraft:coal_ore":32,"minecraft:tall_grass":1,"minecraft:stone":43,"minecraft:wall_torch":3}},"DataVersion":3955}