{"stats":{"minecraft:crafted":{"minecraft:stone_sword":1,"minecraft:acacia_planks":12,"minecraft:torch":4,"minecraft:stone_axe":1,"minecraft:crafting_table":1,"minecraft:stick":8,"minecraft:wooden_pickaxe":1,"minecraft:stone_pickaxe":1},"minecraft:custom":{"minecraft:time_since_rest":4592,"minecraft:crouch_one_cm":393,"minecraft:sprint_one_cm":16238,"minecraft:play_time":9181,"minecraft:deaths":4,"minecraft:damage_taken":1095,"minecraft:walk_one_cm":7745,"minecraft:sneak_time":243,"minecraft:walk_under_water_one_cm":249,"minecraft:jump":127,"minecraft:damage_dealt":10,"minecraft:leave_game":1,"minecraft:walk_on_water_one_cm":229,"minecraft:time_since_death":4323,"minecraft:total_world_time":9181,"minecraft:swim_one_cm":4745,"minecraft:interact_with_crafting_table":3,"minecraft:fall_one_cm":2624,"minecraft:fly_one_cm":35218},"minecraft:picked_up":{"minecraft:acacia_log":3,"minecraft:coal":1,"minecraft:cobblestone":43},"minecraft:killed_by":{"minecraft:skeleton":2,"minecraft:zombie":2},"minecraft:used":{"minecraft:torch":2,"minecraft:crafting_table":1,"minecraft:stone_pickaxe":35,"minecraft:wooden_pickaxe":9},"minecraft:mined":{"minecraft:short_grass":5,"minecraft:acacia_log":4,"minecraft:coal_ore":1,"minecraft:stone":43}},"DataVersion":3955}