{"stats":{"minecraft:crafted":{"minecraft:oak_planks":44,"minecraft:charcoal":5,"minecraft:cooked_porkchop":5,"minecraft:crafting_table":2,"minecraft:stick":16,"minecraft:wooden_pickaxe":1,"minecraft:stone_pickaxe":1,"minecraft:stone_sword":1,"minecraft:furnace":1,"minecraft:stone_axe":1},"minecraft:killed":{"minecraft:sheep":4,"minecraft:skeleton":1,"minecraft:armadillo":1,"minecraft:zombie":3,"minecraft:pig":2,"minecraft:chicken":3,"minecraft:spider":1,"minecraft:cow":4},"minecraft:custom":{"minecraft:time_since_rest":28931,"minecraft:interact_with_furnace":10,"minecraft:sprint_one_cm":62511,"minecraft:damage_taken":697,"minecraft:walk_one_cm":94043,"minecraft:mob_kills":19,"minecraft:drop":63,"minecraft:damage_dealt":1776,"minecraft:talked_to_villager":4,"minecraft:interact_with_crafting_table":4,"minecraft:fly_one_cm":68607,"minecraft:open_chest":4,"minecraft:play_time":28931,"minecraft:jump":369,"minecraft:walk_on_water_one_cm":610,"minecraft:time_since_death":28931,"minecraft:interact_with_smoker":1,"minecraft:total_world_time":28931,"minecraft:fall_one_cm":6237},"minecraft:picked_up":{"minecraft:crafting_table":1,"minecraft:stick":1,"minecraft:feather":2,"minecraft:chicken":3,"minecraft:leather":2,"minecraft:smoker":1,"minecraft:porkchop":5,"minecraft:oak_log":16,"minecraft:gunpowder":1,"minecraft:dirt":41,"minecraft:stone_sword":2,"minecraft:arrow":1,"minecraft:bone":1,"minecraft:apple":1,"minecraft:wheat_seeds":8,"minecraft:beef":10,"minecraft:armadillo_scute":2,"minecraft:sugar_cane":24,"minecraft:oak_planks":1,"minecraft:mutton":4,"minecraft:coal":22,"minecraft:white_wool":4,"minecraft:cobblestone":58},"minecraft:used":{"minecraft:apple":1,"minecraft:stone_sword":57,"minecraft:bread":3,"minecraft:stone_pickaxe":62,"minecraft:wooden_pickaxe":20,"minecraft:stone_axe":17,"minecraft:dirt":11,"minecraft:mutton":4,"minecraft:cobblestone":9,"minecraft:beef":1,"minecraft:crafting_table":2,"minecraft:furnace":1,"minecraft:cooked_porkchop":5},"minecraft:dropped":{"minecraft:dirt":30,"minecraft:wheat_seeds":8,"minecraft:stone_sword":2,"minecraft:cobblestone":13,"minecraft:oak_planks":1,"minecraft:beef":2,"minecraft:wooden_pickaxe":1,"minecraft:stick":6},"minecraft:mined":{"minecraft:smoker":1,"minecraft:crafting_table":1,"minecraft:short_grass":21,"minecraft:coal_ore":22,"minecraft:oak_log":16,"minecraft:dirt":4,"minecraft:tall_grass":3,"minecraft:cobblestone":9,"minecraft:stone":50,"minecraft:sugar_cane":9,"minecraft:oak_leaves":5}},"DataVersion":3955}