{"stats":{"minecraft:killed":{"minecraft:armadillo":1,"minecraft:pig":4,"minecraft:spider":4,"minecraft:sheep":8,"minecraft:skeleton":1,"minecraft:zombie":5,"minecraft:chicken":4,"minecraft:cow":4},"minecraft:crafted":{"minecraft:cooked_beef":3,"minecraft:oak_planks":44,"minecraft:cooked_porkchop":5,"minecraft:crafting_table":2,"minecraft:wooden_pickaxe":1,"minecraft:furnace":2,"minecraft:stone_axe":1,"minecraft:cooked_mutton":6,"minecraft:charcoal":5,"minecraft:stick":28,"minecraft:iron_ingot":7,"minecraft:iron_pickaxe":1,"minecraft:stone_pickaxe":4,"minecraft:stone_sword":1,"minecraft:torch":8},"minecraft:custom":{"minecraft:interact_with_furnace":16,"minecraft:mob_kills":31,"minecraft:interact_with_crafting_table":16,"minecraft:time_since_death":64931,"minecraft:time_since_rest":64931,"minecraft:sprint_one_cm":120544,"minecraft:damage_taken":1062,"minecraft:walk_one_cm":160445,"minecraft:drop":72,"minecraft:damage_dealt":3360,"minecraft:swim_one_cm":6068,"minecraft:talked_to_villager":4,"minecraft:fly_one_cm":133273,"minecraft:open_chest":4,"minecraft:crouch_one_cm":2519,"minecraft:play_time":64931,"minecraft:sneak_time":3464,"minecraft:walk_under_water_one_cm":1011,"minecraft:jump":937,"minecraft:walk_on_water_one_cm":2197,"minecraft:total_world_time":64931,"minecraft:interact_with_smoker":9,"minecraft:fall_one_cm":15971},"minecraft:picked_up":{"minecraft:crafting_table":6,"minecraft:feather":2,"minecraft:chicken":4,"minecraft:andesite":15,"minecraft:leather":2,"minecraft:smoker":4,"minecraft:tuff":6,"minecraft:oak_log":16,"minecraft:gunpowder":1,"minecraft:string":1,"minecraft:dirt":55,"minecraft:bone":1,"minecraft:apple":1,"minecraft:wheat_seeds":9,"minecraft:cobbled_deepslate":181,"minecraft:beef":10,"minecraft:sugar_cane":24,"minecraft:oak_planks":1,"minecraft:furnace":1,"minecraft:raw_iron":9,"minecraft:stick":1,"minecraft:torch":3,"minecraft:porkchop":8,"minecraft:diorite":12,"minecraft:redstone":21,"minecraft:spider_eye":2,"minecraft:stone_sword":2,"minecraft:arrow":1,"minecraft:rotten_flesh":2,"minecraft:diamond":4,"minecraft:granite":24,"minecraft:armadillo_scute":2,"minecraft:mutton":10,"minecraft:coal":148,"minecraft:white_wool":8,"minecraft:cobblestone":135},"minecraft:broken":{"minecraft:stone_pickaxe":3},"minecraft:dropped":{"minecraft:wheat_seeds":8,"minecraft:cobbled_deepslate":73,"minecraft:stone_sword":2,"minecraft:cobblestone":13,"minecraft:oak_planks":1,"minecraft:granite":12,"minecraft:stick":10,"minecraft:dirt":30,"minecraft:diorite":12,"minecraft:andesite":12,"minecraft:spider_eye":2,"minecraft:wooden_pickaxe":1,"minecraft:beef":2},"minecraft:used":{"minecraft:cooked_mutton":3,"minecraft:stone_sword":101,"minecraft:stone_pickaxe":398,"minecraft:wooden_pickaxe":20,"minecraft:torch":3,"minecraft:dirt":25,"minecraft:mutton":4,"minecraft:crafting_table":7,"minecraft:tuff":6,"minecraft:granite":12,"minecraft:smoker":3,"minecraft:apple":1,"minecraft:bread":3,"minecraft:iron_pickaxe":9,"minecraft:stone_axe":23,"minecraft:cobblestone":40,"minecraft:beef":1,"minecraft:furnace":2,"minecraft:cooked_porkchop":5,"minecraft:andesite":3,"minecraft:cooked_beef":3,"minecraft:cobbled_deepslate":108},"minecraft:mined":{"minecraft:deepslate_redstone_ore":2,"minecraft:tuff":6,"minecraft:deepslate_diamond_ore":4,"minecraft:smoker":4,"minecraft:crafting_table":6,"minecraft:torch":1,"minecraft:granite":24,"minecraft:short_grass":28,"minecraft:acacia_log":1,"minecraft:grass_block":1,"minecraft:tall_grass":3,"minecraft:cobblestone":20,"minecraft:sugar_cane":9,"minecraft:diorite":12,"minecraft:wall_torch":2,"minecraft:redstone_ore":3,"minecraft:furnace":1,"minecraft:iron_ore":9,"minecraft:andesite":13,"minecraft:oak_log":16,"minecraft:coal_ore":85,"minecraft:dirt":19,"minecraft:stone":111,"minecraft:deepslate":120,"minecraft:oak_leaves":5}},"DataVersion":3955}