{"stats":{"minecraft:killed":{"minecraft:armadillo":1,"minecraft:pig":6,"minecraft:spider":4,"minecraft:sheep":9,"minecraft:skeleton":1,"minecraft:zombie":5,"minecraft:chicken":4,"minecraft:cow":5},"minecraft:crafted":{"minecraft:cooked_beef":3,"minecraft:oak_planks":44,"minecraft:cooked_porkchop":5,"minecraft:crafting_table":2,"minecraft:wooden_pickaxe":1,"minecraft:furnace":2,"minecraft:stone_axe":1,"minecraft:cooked_mutton":6,"minecraft:charcoal":5,"minecraft:stick":28,"minecraft:iron_ingot":7,"minecraft:iron_pickaxe":1,"minecraft:stone_pickaxe":4,"minecraft:stone_sword":1,"minecraft:torch":8},"minecraft:custom":{"minecraft:interact_with_furnace":16,"minecraft:mob_kills":35,"minecraft:interact_with_crafting_table":16,"minecraft:leave_game":1,"minecraft:time_since_death":781,"minecraft:time_since_rest":812,"minecraft:sprint_one_cm":144173,"minecraft:damage_taken":1523,"minecraft:walk_one_cm":188731,"minecraft:drop":77,"minecraft:damage_dealt":3753,"minecraft:swim_one_cm":6068,"minecraft:talked_to_villager":4,"minecraft:fly_one_cm":156279,"minecraft:open_chest":4,"minecraft:crouch_one_cm":3068,"minecraft:play_time":74178,"minecraft:deaths":1,"minecraft:sneak_time":3737,"minecraft:walk_under_water_one_cm":1377,"minecraft:jump":1171,"minecraft:walk_on_water_one_cm":2830,"minecraft:total_world_time":74178,"minecraft:interact_with_smoker":9,"minecraft:fall_one_cm":19329},"minecraft:picked_up":{"minecraft:crafting_table":6,"minecraft:feather":2,"minecraft:chicken":4,"minecraft:andesite":15,"minecraft:leather":2,"minecraft:smoker":4,"minecraft:tuff":6,"minecraft:oak_log":22,"minecraft:gunpowder":1,"minecraft:string":1,"minecraft:dirt":55,"minecraft:bone":1,"minecraft:apple":1,"minecraft:wheat_seeds":10,"minecraft:cobbled_deepslate":181,"minecraft:beef":11,"minecraft:sugar_cane":24,"minecraft:oak_planks":1,"minecraft:furnace":1,"minecraft:raw_iron":19,"minecraft:stick":1,"minecraft:torch":6,"minecraft:porkchop":14,"minecraft:diorite":12,"minecraft:redstone":21,"minecraft:spider_eye":2,"minecraft:stone_sword":2,"minecraft:arrow":1,"minecraft:rotten_flesh":2,"minecraft:diamond":4,"minecraft:granite":24,"minecraft:armadillo_scute":2,"minecraft:mutton":11,"minecraft:coal":160,"minecraft:white_wool":9,"minecraft:cobblestone":139},"minecraft:broken":{"minecraft:stone_pickaxe":3},"minecraft:killed_by":{"minecraft:creeper":1},"minecraft:dropped":{"minecraft:wheat_seeds":10,"minecraft:cobbled_deepslate":73,"minecraft:stone_sword":2,"minecraft:rotten_flesh":2,"minecraft:cobblestone":13,"minecraft:oak_planks":1,"minecraft:leather":2,"minecraft:granite":12,"minecraft:stick":10,"minecraft:dirt":30,"minecraft:diorite":12,"minecraft:andesite":12,"minecraft:armadillo_scute":2,"minecraft:spider_eye":2,"minecraft:wooden_pickaxe":1,"minecraft:beef":2,"minecraft:string":1},"minecraft:used":{"minecraft:cooked_mutton":4,"minecraft:stone_sword":117,"minecraft:stone_pickaxe":424,"minecraft:wooden_pickaxe":20,"minecraft:torch":6,"minecraft:dirt":25,"minecraft:mutton":4,"minecraft:crafting_table":7,"minecraft:tuff":6,"minecraft:granite":12,"minecraft:smoker":3,"minecraft:apple":1,"minecraft:bread":3,"minecraft:iron_pickaxe":9,"minecraft:stone_axe":30,"minecraft:cobblestone":47,"minecraft:beef":1,"minecraft:porkchop":1,"minecraft:furnace":2,"minecraft:cooked_porkchop":5,"minecraft:andesite":3,"minecraft:cooked_beef":3,"minecraft:cobbled_deepslate":108},"minecraft:mined":{"minecraft:deepslate_redstone_ore":2,"minecraft:tuff":6,"minecraft:deepslate_diamond_ore":4,"minecraft:smoker":4,"minecraft:crafting_table":6,"minecraft:torch":3,"minecraft:granite":24,"minecraft:short_grass":29,"minecraft:acacia_log":1,"minecraft:grass_block":1,"minecraft:tall_grass":6,"minecraft:cobblestone":20,"minecraft:sugar_cane":9,"minecraft:diorite":12,"minecraft:wall_torch":3,"minecraft:redstone_ore":3,"minecraft:furnace":1,"minecraft:iron_ore":19,"minecraft:birch_leaves":2,"minecraft:andesite":13,"minecraft:oak_log":22,"minecraft:coal_ore":97,"minecraft:dirt":19,"minecraft:stone":115,"minecraft:deepslate":120,"minecraft:oak_leaves":5}},"DataVersion":3955}