{"stats":{"minecraft:crafted":{"minecraft:oak_planks":20,"minecraft:charcoal":5,"minecraft:cooked_porkchop":5,"minecraft:crafting_table":1,"minecraft:stick":16,"minecraft:wooden_pickaxe":1,"minecraft:stone_pickaxe":1,"minecraft:stone_sword":1,"minecraft:furnace":1,"minecraft:stone_axe":1},"minecraft:killed":{"minecraft:sheep":4,"minecraft:zombie":3,"minecraft:pig":2,"minecraft:chicken":3,"minecraft:cow":1},"minecraft:custom":{"minecraft:time_since_rest":16931,"minecraft:interact_with_furnace":10,"minecraft:sprint_one_cm":27087,"minecraft:damage_taken":627,"minecraft:walk_one_cm":61777,"minecraft:mob_kills":13,"minecraft:drop":9,"minecraft:damage_dealt":1150,"minecraft:interact_with_crafting_table":4,"minecraft:fly_one_cm":26138,"minecraft:play_time":16931,"minecraft:jump":198,"minecraft:time_since_death":16931,"minecraft:total_world_time":16931,"minecraft:fall_one_cm":1941},"minecraft:picked_up":{"minecraft:stick":1,"minecraft:feather":2,"minecraft:chicken":3,"minecraft:porkchop":5,"minecraft:oak_log":16,"minecraft:gunpowder":1,"minecraft:dirt":34,"minecraft:apple":1,"minecraft:wheat_seeds":1,"minecraft:beef":3,"minecraft:mutton":4,"minecraft:coal":18,"minecraft:white_wool":4,"minecraft:cobblestone":57},"minecraft:dropped":{"minecraft:beef":2,"minecraft:wooden_pickaxe":1,"minecraft:stick":6},"minecraft:used":{"minecraft:apple":1,"minecraft:stone_sword":34,"minecraft:stone_pickaxe":55,"minecraft:wooden_pickaxe":20,"minecraft:stone_axe":15,"minecraft:dirt":10,"minecraft:mutton":4,"minecraft:cobblestone":9,"minecraft:beef":1,"minecraft:crafting_table":1,"minecraft:furnace":1,"minecraft:cooked_porkchop":4},"minecraft:mined":{"minecraft:short_grass":9,"minecraft:coal_ore":18,"minecraft:oak_log":16,"minecraft:dirt":1,"minecraft:cobblestone":9,"minecraft:stone":48,"minecraft:oak_leaves":5}},"DataVersion":3955}