{"stats":{"minecraft:killed":{"minecraft:sheep":1},"minecraft:crafted":{"minecraft:stone_sword":1,"minecraft:oak_planks":16,"minecraft:crafting_table":1,"minecraft:stick":16,"minecraft:stone_pickaxe":1,"minecraft:wooden_pickaxe":1},"minecraft:custom":{"minecraft:time_since_rest":4931,"minecraft:play_time":4931,"minecraft:sprint_one_cm":7944,"minecraft:damage_taken":30,"minecraft:walk_one_cm":12443,"minecraft:mob_kills":1,"minecraft:jump":58,"minecraft:damage_dealt":80,"minecraft:time_since_death":4931,"minecraft:total_world_time":4931,"minecraft:interact_with_crafting_table":3,"minecraft:fall_one_cm":418,"minecraft:fly_one_cm":7743},"minecraft:picked_up":{"minecraft:oak_log":4,"minecraft:mutton":1,"minecraft:white_wool":1,"minecraft:cobblestone":19},"minecraft:used":{"minecraft:crafting_table":1,"minecraft:wooden_pickaxe":20},"minecraft:mined":{"minecraft:short_grass":2,"minecraft:oak_log":4,"minecraft:stone":20,"minecraft:oak_leaves":4}},"DataVersion":3955}