{"stats":{"minecraft:killed":{"minecraft:armadillo":1,"minecraft:pig":2,"minecraft:spider":4,"minecraft:sheep":4,"minecraft:skeleton":1,"minecraft:zombie":4,"minecraft:chicken":3,"minecraft:cow":4},"minecraft:crafted":{"minecraft:cooked_beef":3,"minecraft:oak_planks":44,"minecraft:cooked_porkchop":5,"minecraft:crafting_table":2,"minecraft:wooden_pickaxe":1,"minecraft:furnace":2,"minecraft:stone_axe":1,"minecraft:charcoal":5,"minecraft:stick":20,"minecraft:stone_pickaxe":2,"minecraft:stone_sword":1,"minecraft:torch":8},"minecraft:custom":{"minecraft:interact_with_furnace":11,"minecraft:mob_kills":23,"minecraft:interact_with_crafting_table":8,"minecraft:time_since_death":40931,"minecraft:time_since_rest":40931,"minecraft:sprint_one_cm":90022,"minecraft:damage_taken":917,"minecraft:walk_one_cm":122553,"minecraft:drop":67,"minecraft:damage_dealt":2391,"minecraft:swim_one_cm":6068,"minecraft:talked_to_villager":4,"minecraft:fly_one_cm":95262,"minecraft:open_chest":4,"minecraft:play_time":40931,"minecraft:sneak_time":7,"minecraft:walk_under_water_one_cm":1011,"minecraft:jump":539,"minecraft:walk_on_water_one_cm":2197,"minecraft:total_world_time":40931,"minecraft:interact_with_smoker":5,"minecraft:fall_one_cm":9349},"minecraft:picked_up":{"minecraft:crafting_table":3,"minecraft:feather":2,"minecraft:chicken":3,"minecraft:andesite":2,"minecraft:leather":2,"minecraft:smoker":3,"minecraft:oak_log":16,"minecraft:gunpowder":1,"minecraft:string":1,"minecraft:dirt":48,"minecraft:bone":1,"minecraft:apple":1,"minecraft:wheat_seeds":8,"minecraft:beef":10,"minecraft:sugar_cane":24,"minecraft:oak_planks":1,"minecraft:raw_iron":7,"minecraft:stick":1,"minecraft:torch":1,"minecraft:porkchop":5,"minecraft:spider_eye":2,"minecraft:stone_sword":2,"minecraft:arrow":1,"minecraft:granite":12,"minecraft:armadillo_scute":2,"minecraft:mutton":4,"minecraft:coal":49,"minecraft:white_wool":4,"minecraft:cobblestone":80},"minecraft:broken":{"minecraft:stone_pickaxe":1},"minecraft:dropped":{"minecraft:wheat_seeds":8,"minecraft:stone_sword":2,"minecraft:cobblestone":13,"minecraft:oak_planks":1,"minecraft:stick":10,"minecraft:dirt":30,"minecraft:andesite":1,"minecraft:spider_eye":2,"minecraft:wooden_pickaxe":1,"minecraft:beef":2},"minecraft:used":{"minecraft:stone_sword":72,"minecraft:stone_pickaxe":136,"minecraft:wooden_pickaxe":20,"minecraft:torch":1,"minecraft:dirt":18,"minecraft:mutton":4,"minecraft:crafting_table":5,"minecraft:granite":12,"minecraft:smoker":2,"minecraft:apple":1,"minecraft:bread":3,"minecraft:stone_axe":20,"minecraft:cobblestone":17,"minecraft:beef":1,"minecraft:furnace":2,"minecraft:cooked_porkchop":5,"minecraft:andesite":1,"minecraft:cooked_beef":3},"minecraft:mined":{"minecraft:smoker":3,"minecraft:crafting_table":3,"minecraft:torch":1,"minecraft:granite":12,"minecraft:short_grass":22,"minecraft:acacia_log":1,"minecraft:grass_block":1,"minecraft:tall_grass":3,"minecraft:cobblestone":9,"minecraft:sugar_cane":9,"minecraft:iron_ore":7,"minecraft:oak_log":16,"minecraft:coal_ore":49,"minecraft:dirt":12,"minecraft:stone":73,"minecraft:oak_leaves":5}},"DataVersion":3955}