{"stats":{"minecraft:killed":{"minecraft:sheep":7,"minecraft:zombie":3,"minecraft:iron_golem":1,"minecraft:cow":7},"minecraft:crafted":{"minecraft:cooked_beef":10,"minecraft:wooden_sword":1,"minecraft:oak_planks":16,"minecraft:shield":1,"minecraft:crafting_table":3,"minecraft:stick":12,"minecraft:wooden_pickaxe":1,"minecraft:iron_pickaxe":1,"minecraft:stone_pickaxe":1,"minecraft:wooden_axe":1,"minecraft:stone_sword":2,"minecraft:furnace":1,"minecraft:acacia_planks":32,"minecraft:air":0,"minecraft:wheat":225},"minecraft:custom":{"minecraft:time_since_rest":23941,"minecraft:interact_with_furnace":11,"minecraft:sprint_one_cm":77243,"minecraft:damage_taken":385,"minecraft:walk_one_cm":60322,"minecraft:mob_kills":18,"minecraft:drop":3,"minecraft:damage_dealt":3010,"minecraft:interact_with_crafting_table":11,"minecraft:fly_one_cm":73898,"minecraft:open_chest":4,"minecraft:crouch_one_cm":990,"minecraft:play_time":23941,"minecraft:sneak_time":972,"minecraft:jump":386,"minecraft:time_since_death":23941,"minecraft:total_world_time":23941,"minecraft:fall_one_cm":8919},"minecraft:picked_up":{"minecraft:crafting_table":3,"minecraft:leather":8,"minecraft:acacia_log":8,"minecraft:oak_log":4,"minecraft:rotten_flesh":2,"minecraft:acacia_planks":6,"minecraft:wheat_seeds":1,"minecraft:hay_block":25,"minecraft:iron_ingot":4,"minecraft:beef":12,"minecraft:oak_sapling":1,"minecraft:mutton":9,"minecraft:white_wool":9,"minecraft:cobblestone":15,"minecraft:furnace":1},"minecraft:dropped":{"minecraft:crafting_table":1,"minecraft:oak_planks":4,"minecraft:acacia_planks":4},"minecraft:used":{"minecraft:wooden_axe":23,"minecraft:stone_sword":77,"minecraft:stone_pickaxe":9,"minecraft:wooden_pickaxe":7,"minecraft:white_wool":4,"minecraft:wooden_sword":20,"minecraft:crafting_table":5,"minecraft:furnace":1,"minecraft:acacia_planks":3,"minecraft:cooked_beef":5},"minecraft:mined":{"minecraft:hay_block":25,"minecraft:furnace":1,"minecraft:crafting_table":3,"minecraft:short_grass":16,"minecraft:acacia_log":8,"minecraft:oak_log":3,"minecraft:tall_grass":4,"minecraft:acacia_planks":3,"minecraft:stone":15,"minecraft:white_wool":2,"minecraft:oak_leaves":3}},"DataVersion":3955}