{"stats":{"minecraft:killed":{"minecraft:sheep":2,"minecraft:cow":5},"minecraft:crafted":{"minecraft:cooked_beef":5,"minecraft:wooden_sword":1,"minecraft:oak_planks":16,"minecraft:crafting_table":2,"minecraft:stick":12,"minecraft:wooden_pickaxe":1,"minecraft:stone_pickaxe":1,"minecraft:wooden_axe":1,"minecraft:stone_sword":1,"minecraft:furnace":1,"minecraft:acacia_planks":24,"minecraft:air":0},"minecraft:custom":{"minecraft:time_since_rest":11941,"minecraft:interact_with_furnace":7,"minecraft:sprint_one_cm":35204,"minecraft:damage_taken":10,"minecraft:walk_one_cm":25851,"minecraft:mob_kills":7,"minecraft:drop":2,"minecraft:damage_dealt":705,"minecraft:interact_with_crafting_table":8,"minecraft:fly_one_cm":39734,"minecraft:crouch_one_cm":542,"minecraft:play_time":11941,"minecraft:sneak_time":210,"minecraft:jump":208,"minecraft:time_since_death":11941,"minecraft:total_world_time":11941,"minecraft:fall_one_cm":4772},"minecraft:picked_up":{"minecraft:crafting_table":2,"minecraft:leather":6,"minecraft:acacia_log":6,"minecraft:oak_log":4,"minecraft:wheat_seeds":1,"minecraft:beef":10,"minecraft:oak_sapling":1,"minecraft:mutton":3,"minecraft:white_wool":2,"minecraft:cobblestone":15},"minecraft:dropped":{"minecraft:oak_planks":4,"minecraft:acacia_planks":4},"minecraft:used":{"minecraft:wooden_axe":11,"minecraft:stone_pickaxe":8,"minecraft:wooden_pickaxe":7,"minecraft:wooden_sword":20,"minecraft:crafting_table":3,"minecraft:furnace":1,"minecraft:cooked_beef":2},"minecraft:mined":{"minecraft:crafting_table":2,"minecraft:short_grass":8,"minecraft:acacia_log":6,"minecraft:oak_log":3,"minecraft:tall_grass":1,"minecraft:stone":15,"minecraft:oak_leaves":3}},"DataVersion":3955}