{"stats":{"minecraft:killed":{"minecraft:iron_golem":1,"minecraft:sheep":11,"minecraft:skeleton":1,"minecraft:zombie":3,"minecraft:cow":10},"minecraft:crafted":{"minecraft:cooked_beef":10,"minecraft:wooden_sword":1,"minecraft:oak_planks":16,"minecraft:crafting_table":3,"minecraft:wooden_pickaxe":1,"minecraft:furnace":1,"minecraft:bread":75,"minecraft:air":0,"minecraft:shield":1,"minecraft:stick":12,"minecraft:iron_pickaxe":1,"minecraft:stone_pickaxe":1,"minecraft:wooden_axe":1,"minecraft:stone_sword":2,"minecraft:acacia_planks":32,"minecraft:wheat":225},"minecraft:custom":{"minecraft:interact_with_furnace":11,"minecraft:mob_kills":27,"minecraft:interact_with_crafting_table":11,"minecraft:leave_game":1,"minecraft:time_since_death":35855,"minecraft:time_since_rest":35855,"minecraft:sprint_one_cm":110408,"minecraft:damage_taken":455,"minecraft:walk_one_cm":92222,"minecraft:damage_blocked_by_shield":619,"minecraft:drop":4,"minecraft:damage_dealt":3818,"minecraft:fly_one_cm":107022,"minecraft:open_chest":6,"minecraft:crouch_one_cm":1100,"minecraft:play_time":35855,"minecraft:sneak_time":1011,"minecraft:jump":571,"minecraft:walk_on_water_one_cm":255,"minecraft:total_world_time":35855,"minecraft:fall_one_cm":13254},"minecraft:picked_up":{"minecraft:crafting_table":4,"minecraft:leather":12,"minecraft:oak_log":4,"minecraft:dirt":6,"minecraft:bone":1,"minecraft:acacia_planks":6,"minecraft:wheat_seeds":3,"minecraft:iron_ingot":4,"minecraft:beef":18,"minecraft:light_gray_wool":2,"minecraft:furnace":1,"minecraft:raw_iron":22,"minecraft:acacia_log":8,"minecraft:arrow":2,"minecraft:rotten_flesh":2,"minecraft:hay_block":49,"minecraft:oak_sapling":1,"minecraft:black_wool":1,"minecraft:mutton":15,"minecraft:coal":23,"minecraft:cobblestone":28,"minecraft:white_wool":12},"minecraft:dropped":{"minecraft:crafting_table":1,"minecraft:oak_planks":4,"minecraft:iron_pickaxe":1,"minecraft:acacia_planks":4},"minecraft:used":{"minecraft:stone_sword":142,"minecraft:stone_pickaxe":9,"minecraft:shield":5,"minecraft:wooden_pickaxe":7,"minecraft:white_wool":4,"minecraft:crafting_table":5,"minecraft:wooden_axe":24,"minecraft:bread":4,"minecraft:iron_pickaxe":58,"minecraft:light_gray_wool":1,"minecraft:wooden_sword":20,"minecraft:furnace":1,"minecraft:cooked_beef":5,"minecraft:acacia_planks":4},"minecraft:mined":{"minecraft:crafting_table":4,"minecraft:short_grass":19,"minecraft:acacia_log":8,"minecraft:grass_block":2,"minecraft:tall_grass":15,"minecraft:hay_block":51,"minecraft:furnace":1,"minecraft:iron_ore":22,"minecraft:light_gray_wool":1,"minecraft:oak_log":3,"minecraft:coal_ore":23,"minecraft:dirt":2,"minecraft:acacia_planks":3,"minecraft:stone":28,"minecraft:white_wool":3,"minecraft:oak_leaves":3}},"DataVersion":3955}