{"stats":{"minecraft:killed":{"minecraft:spider":1,"minecraft:iron_golem":1,"minecraft:bat":1,"minecraft:slime":4,"minecraft:sheep":11,"minecraft:skeleton":3,"minecraft:zombie":4,"minecraft:enderman":1,"minecraft:cow":10},"minecraft:crafted":{"minecraft:cooked_beef":18,"minecraft:wooden_sword":1,"minecraft:oak_planks":16,"minecraft:crafting_table":3,"minecraft:wooden_pickaxe":1,"minecraft:iron_helmet":1,"minecraft:iron_sword":1,"minecraft:furnace":1,"minecraft:bucket":2,"minecraft:bone_meal":3,"minecraft:acacia_boat":1,"minecraft:bread":75,"minecraft:air":0,"minecraft:iron_chestplate":1,"minecraft:iron_boots":1,"minecraft:white_wool":2,"minecraft:shield":2,"minecraft:white_dye":3,"minecraft:iron_axe":1,"minecraft:stick":16,"minecraft:iron_ingot":43,"minecraft:iron_pickaxe":2,"minecraft:stone_pickaxe":1,"minecraft:wooden_axe":1,"minecraft:stone_sword":2,"minecraft:iron_leggings":1,"minecraft:acacia_planks":52,"minecraft:wheat":225},"minecraft:custom":{"minecraft:interact_with_furnace":36,"minecraft:mob_kills":38,"minecraft:interact_with_crafting_table":27,"minecraft:leave_game":2,"minecraft:time_since_death":70870,"minecraft:time_since_rest":70870,"minecraft:sprint_one_cm":153474,"minecraft:damage_taken":981,"minecraft:walk_one_cm":162544,"minecraft:damage_blocked_by_shield":2857,"minecraft:drop":30,"minecraft:damage_dealt":5540,"minecraft:fly_one_cm":146055,"minecraft:player_kills":1,"minecraft:open_chest":6,"minecraft:play_time":70870,"minecraft:crouch_one_cm":2591,"minecraft:sneak_time":9831,"minecraft:jump":898,"minecraft:walk_on_water_one_cm":255,"minecraft:total_world_time":70870,"minecraft:fall_one_cm":17923},"minecraft:picked_up":{"minecraft:crafting_table":9,"minecraft:andesite":2,"minecraft:leather":12,"minecraft:oak_log":4,"minecraft:acacia_boat":1,"minecraft:string":1,"minecraft:dirt":6,"minecraft:raw_copper":2,"minecraft:bone":1,"minecraft:acacia_planks":6,"minecraft:bow":1,"minecraft:wheat_seeds":3,"minecraft:cobbled_deepslate":8,"minecraft:iron_ingot":5,"minecraft:beef":18,"minecraft:calcite":4,"minecraft:iron_pickaxe":2,"minecraft:light_gray_wool":2,"minecraft:furnace":3,"minecraft:raw_iron":71,"minecraft:smooth_basalt":2,"minecraft:torch":1,"minecraft:acacia_log":13,"minecraft:gravel":1,"minecraft:diorite":2,"minecraft:arrow":6,"minecraft:rotten_flesh":4,"minecraft:slime_ball":6,"minecraft:hay_block":49,"minecraft:oak_sapling":1,"minecraft:black_wool":1,"minecraft:mutton":15,"minecraft:coal":58,"minecraft:white_wool":12,"minecraft:cobblestone":133,"minecraft:ender_pearl":1},"minecraft:used":{"minecraft:acacia_boat":1,"minecraft:stone_sword":146,"minecraft:stone_pickaxe":9,"minecraft:wooden_pickaxe":7,"minecraft:shield":35,"minecraft:iron_sword":34,"minecraft:white_wool":4,"minecraft:crafting_table":10,"minecraft:wooden_axe":26,"minecraft:iron_axe":2,"minecraft:bread":13,"minecraft:iron_pickaxe":163,"minecraft:iron_boots":1,"minecraft:smooth_basalt":1,"minecraft:light_gray_wool":1,"minecraft:wooden_sword":20,"minecraft:cobblestone":9,"minecraft:furnace":3,"minecraft:cooked_beef":6,"minecraft:acacia_planks":4},"minecraft:dropped":{"minecraft:gravel":1,"minecraft:furnace":1,"minecraft:wheat_seeds":3,"minecraft:stone_sword":2,"minecraft:cobbled_deepslate":7,"minecraft:raw_copper":2,"minecraft:crafting_table":1,"minecraft:raw_iron":24,"minecraft:rotten_flesh":2,"minecraft:oak_planks":4,"minecraft:coal":8,"minecraft:dirt":6,"minecraft:shield":1,"minecraft:diorite":2,"minecraft:torch":1,"minecraft:andesite":2,"minecraft:wooden_axe":1,"minecraft:oak_sapling":1,"minecraft:wooden_sword":1,"minecraft:white_dye":1,"minecraft:arrow":6,"minecraft:bow":1,"minecraft:wooden_pickaxe":1,"minecraft:iron_pickaxe":3,"minecraft:acacia_planks":4},"minecraft:mined":{"minecraft:tuff":1,"minecraft:crafting_table":9,"minecraft:short_grass":19,"minecraft:acacia_log":8,"minecraft:calcite":4,"minecraft:grass_block":2,"minecraft:copper_ore":1,"minecraft:tall_grass":15,"minecraft:cobblestone":8,"minecraft:diorite":2,"minecraft:hay_block":51,"minecraft:furnace":3,"minecraft:iron_ore":70,"minecraft:andesite":2,"minecraft:light_gray_wool":1,"minecraft:coal_ore":24,"minecraft:oak_log":3,"minecraft:deepslate_iron_ore":1,"minecraft:dirt":2,"minecraft:smooth_basalt":2,"minecraft:acacia_planks":3,"minecraft:stone":61,"minecraft:white_wool":3,"minecraft:oak_leaves":3}},"DataVersion":3955}