{"stats":{"minecraft:killed":{"minecraft:iron_golem":1,"minecraft:sheep":11,"minecraft:skeleton":2,"minecraft:zombie":3,"minecraft:cow":10},"minecraft:crafted":{"minecraft:cooked_beef":10,"minecraft:wooden_sword":1,"minecraft:oak_planks":16,"minecraft:crafting_table":3,"minecraft:wooden_pickaxe":1,"minecraft:iron_helmet":1,"minecraft:iron_sword":1,"minecraft:furnace":1,"minecraft:bone_meal":3,"minecraft:bread":75,"minecraft:air":0,"minecraft:white_wool":2,"minecraft:iron_chestplate":1,"minecraft:iron_boots":1,"minecraft:shield":1,"minecraft:white_dye":3,"minecraft:stick":12,"minecraft:iron_ingot":34,"minecraft:iron_pickaxe":1,"minecraft:stone_pickaxe":1,"minecraft:wooden_axe":1,"minecraft:stone_sword":2,"minecraft:iron_leggings":1,"minecraft:acacia_planks":52,"minecraft:wheat":225},"minecraft:custom":{"minecraft:interact_with_furnace":31,"minecraft:mob_kills":28,"minecraft:interact_with_crafting_table":21,"minecraft:leave_game":1,"minecraft:time_since_death":47855,"minecraft:time_since_rest":47855,"minecraft:sprint_one_cm":120399,"minecraft:damage_taken":591,"minecraft:walk_one_cm":123116,"minecraft:damage_blocked_by_shield":1137,"minecraft:drop":11,"minecraft:damage_dealt":4018,"minecraft:fly_one_cm":112524,"minecraft:open_chest":6,"minecraft:crouch_one_cm":1960,"minecraft:play_time":47855,"minecraft:sneak_time":3470,"minecraft:jump":643,"minecraft:walk_on_water_one_cm":255,"minecraft:total_world_time":47855,"minecraft:fall_one_cm":13941},"minecraft:picked_up":{"minecraft:crafting_table":6,"minecraft:andesite":1,"minecraft:leather":12,"minecraft:oak_log":4,"minecraft:dirt":6,"minecraft:raw_copper":2,"minecraft:bone":1,"minecraft:acacia_planks":6,"minecraft:wheat_seeds":3,"minecraft:iron_ingot":5,"minecraft:beef":18,"minecraft:iron_pickaxe":1,"minecraft:light_gray_wool":2,"minecraft:furnace":2,"minecraft:raw_iron":44,"minecraft:acacia_log":13,"minecraft:diorite":2,"minecraft:arrow":2,"minecraft:rotten_flesh":2,"minecraft:hay_block":49,"minecraft:oak_sapling":1,"minecraft:black_wool":1,"minecraft:mutton":15,"minecraft:coal":43,"minecraft:cobblestone":43,"minecraft:white_wool":12},"minecraft:dropped":{"minecraft:wheat_seeds":3,"minecraft:stone_sword":2,"minecraft:crafting_table":1,"minecraft:oak_planks":4,"minecraft:dirt":6,"minecraft:oak_sapling":1,"minecraft:wooden_sword":1,"minecraft:wooden_pickaxe":1,"minecraft:iron_pickaxe":1,"minecraft:acacia_planks":4},"minecraft:used":{"minecraft:stone_sword":146,"minecraft:stone_pickaxe":9,"minecraft:shield":12,"minecraft:wooden_pickaxe":7,"minecraft:white_wool":4,"minecraft:crafting_table":7,"minecraft:wooden_axe":26,"minecraft:bread":6,"minecraft:iron_pickaxe":103,"minecraft:iron_boots":1,"minecraft:light_gray_wool":1,"minecraft:wooden_sword":20,"minecraft:cobblestone":4,"minecraft:furnace":3,"minecraft:cooked_beef":6,"minecraft:acacia_planks":4},"minecraft:mined":{"minecraft:crafting_table":6,"minecraft:short_grass":19,"minecraft:acacia_log":8,"minecraft:grass_block":2,"minecraft:copper_ore":1,"minecraft:tall_grass":15,"minecraft:cobblestone":1,"minecraft:diorite":2,"minecraft:hay_block":51,"minecraft:furnace":2,"minecraft:iron_ore":44,"minecraft:andesite":1,"minecraft:light_gray_wool":1,"minecraft:oak_log":3,"minecraft:coal_ore":24,"minecraft:dirt":2,"minecraft:acacia_planks":3,"minecraft:stone":44,"minecraft:white_wool":3,"minecraft:oak_leaves":3}},"DataVersion":3955}