{"stats":{"minecraft:killed":{"minecraft:iron_golem":1,"minecraft:sheep":11,"minecraft:skeleton":2,"minecraft:zombie":3,"minecraft:enderman":1,"minecraft:cow":10},"minecraft:crafted":{"minecraft:cooked_beef":18,"minecraft:wooden_sword":1,"minecraft:oak_planks":16,"minecraft:crafting_table":3,"minecraft:wooden_pickaxe":1,"minecraft:iron_helmet":1,"minecraft:iron_sword":1,"minecraft:furnace":1,"minecraft:bucket":2,"minecraft:bone_meal":3,"minecraft:acacia_boat":1,"minecraft:bread":75,"minecraft:air":0,"minecraft:white_wool":2,"minecraft:iron_chestplate":1,"minecraft:iron_boots":1,"minecraft:shield":1,"minecraft:white_dye":3,"minecraft:stick":12,"minecraft:iron_ingot":43,"minecraft:iron_pickaxe":1,"minecraft:stone_pickaxe":1,"minecraft:wooden_axe":1,"minecraft:stone_sword":2,"minecraft:iron_leggings":1,"minecraft:acacia_planks":52,"minecraft:wheat":225},"minecraft:custom":{"minecraft:interact_with_furnace":36,"minecraft:mob_kills":30,"minecraft:interact_with_crafting_table":23,"minecraft:leave_game":1,"minecraft:time_since_death":59855,"minecraft:time_since_rest":59855,"minecraft:sprint_one_cm":133896,"minecraft:damage_taken":653,"minecraft:walk_one_cm":137704,"minecraft:damage_blocked_by_shield":1969,"minecraft:drop":11,"minecraft:damage_dealt":4522,"minecraft:fly_one_cm":125295,"minecraft:open_chest":6,"minecraft:crouch_one_cm":2275,"minecraft:play_time":59855,"minecraft:sneak_time":9752,"minecraft:jump":731,"minecraft:walk_on_water_one_cm":255,"minecraft:total_world_time":59855,"minecraft:fall_one_cm":16000},"minecraft:picked_up":{"minecraft:crafting_table":7,"minecraft:andesite":2,"minecraft:leather":12,"minecraft:oak_log":4,"minecraft:dirt":6,"minecraft:raw_copper":2,"minecraft:bone":1,"minecraft:acacia_planks":6,"minecraft:wheat_seeds":3,"minecraft:cobbled_deepslate":4,"minecraft:iron_ingot":5,"minecraft:beef":18,"minecraft:iron_pickaxe":1,"minecraft:light_gray_wool":2,"minecraft:furnace":3,"minecraft:raw_iron":65,"minecraft:acacia_log":13,"minecraft:gravel":1,"minecraft:diorite":2,"minecraft:arrow":3,"minecraft:rotten_flesh":2,"minecraft:hay_block":49,"minecraft:oak_sapling":1,"minecraft:black_wool":1,"minecraft:mutton":15,"minecraft:coal":58,"minecraft:cobblestone":67,"minecraft:white_wool":12,"minecraft:ender_pearl":1},"minecraft:dropped":{"minecraft:wheat_seeds":3,"minecraft:stone_sword":2,"minecraft:crafting_table":1,"minecraft:oak_planks":4,"minecraft:dirt":6,"minecraft:oak_sapling":1,"minecraft:wooden_sword":1,"minecraft:wooden_pickaxe":1,"minecraft:iron_pickaxe":1,"minecraft:acacia_planks":4},"minecraft:used":{"minecraft:acacia_boat":1,"minecraft:stone_sword":146,"minecraft:stone_pickaxe":9,"minecraft:shield":18,"minecraft:wooden_pickaxe":7,"minecraft:iron_sword":11,"minecraft:white_wool":4,"minecraft:crafting_table":9,"minecraft:wooden_axe":26,"minecraft:bread":7,"minecraft:iron_pickaxe":150,"minecraft:iron_boots":1,"minecraft:light_gray_wool":1,"minecraft:wooden_sword":20,"minecraft:cobblestone":9,"minecraft:furnace":3,"minecraft:cooked_beef":6,"minecraft:acacia_planks":4},"minecraft:mined":{"minecraft:tuff":1,"minecraft:crafting_table":7,"minecraft:short_grass":19,"minecraft:acacia_log":8,"minecraft:grass_block":2,"minecraft:copper_ore":1,"minecraft:tall_grass":15,"minecraft:cobblestone":8,"minecraft:diorite":2,"minecraft:hay_block":51,"minecraft:furnace":3,"minecraft:iron_ore":64,"minecraft:andesite":2,"minecraft:light_gray_wool":1,"minecraft:oak_log":3,"minecraft:coal_ore":24,"minecraft:deepslate_iron_ore":1,"minecraft:dirt":2,"minecraft:acacia_planks":3,"minecraft:stone":60,"minecraft:white_wool":3,"minecraft:oak_leaves":3}},"DataVersion":3955}