{"stats":{"minecraft:killed":{"minecraft:sheep":5},"minecraft:crafted":{"minecraft:diamond_sword":1,"minecraft:diamond_axe":1,"minecraft:crafting_table":1,"minecraft:wooden_pickaxe":1,"minecraft:air":0,"minecraft:diamond_helmet":1,"minecraft:diamond_leggings":1,"minecraft:diamond_pickaxe":1,"minecraft:shield":1,"minecraft:stick":20,"minecraft:iron_ingot":4,"minecraft:iron_pickaxe":1,"minecraft:stone_pickaxe":2,"minecraft:acacia_planks":28,"minecraft:torch":16,"minecraft:diamond_chestplate":1},"minecraft:custom":{"minecraft:mob_kills":5,"minecraft:interact_with_crafting_table":5,"minecraft:leave_game":2,"minecraft:time_since_death":45331,"minecraft:sleep_in_bed":1,"minecraft:time_since_rest":30902,"minecraft:sprint_one_cm":43313,"minecraft:damage_taken":353,"minecraft:walk_one_cm":74149,"minecraft:drop":5,"minecraft:damage_dealt":723,"minecraft:swim_one_cm":3190,"minecraft:fly_one_cm":80450,"minecraft:open_chest":1,"minecraft:crouch_one_cm":11133,"minecraft:play_time":45331,"minecraft:sneak_time":6403,"minecraft:walk_under_water_one_cm":4239,"minecraft:jump":558,"minecraft:interact_with_blast_furnace":2,"minecraft:walk_on_water_one_cm":347,"minecraft:total_world_time":45331,"minecraft:fall_one_cm":14294},"minecraft:picked_up":{"minecraft:crafting_table":3,"minecraft:andesite":23,"minecraft:leather":2,"minecraft:smoker":1,"minecraft:brewing_stand":1,"minecraft:dirt":8,"minecraft:raw_copper":2,"minecraft:acacia_planks":5,"minecraft:wheat_seeds":5,"minecraft:cobbled_deepslate":119,"minecraft:raw_gold":10,"minecraft:beef":2,"minecraft:grindstone":1,"minecraft:stone_pickaxe":1,"minecraft:iron_pickaxe":2,"minecraft:melon_slice":10,"minecraft:acacia_sapling":1,"minecraft:raw_iron":4,"minecraft:torch":3,"minecraft:acacia_log":17,"minecraft:blast_furnace":2,"minecraft:diorite":7,"minecraft:diamond":38,"minecraft:hay_block":16,"minecraft:granite":39,"minecraft:mutton":9,"minecraft:coal":18,"minecraft:white_wool":5,"minecraft:cobblestone":70},"minecraft:broken":{"minecraft:stone_pickaxe":1},"minecraft:dropped":{"minecraft:acacia_log":5,"minecraft:wooden_pickaxe":1,"minecraft:stone_pickaxe":1,"minecraft:iron_pickaxe":2},"minecraft:used":{"minecraft:diorite":7,"minecraft:stone_pickaxe":166,"minecraft:wooden_pickaxe":44,"minecraft:diamond_axe":1,"minecraft:torch":8,"minecraft:dirt":5,"minecraft:mutton":4,"minecraft:crafting_table":3,"minecraft:blast_furnace":1,"minecraft:diamond_pickaxe":11,"minecraft:bread":3,"minecraft:melon_slice":6,"minecraft:iron_pickaxe":164,"minecraft:cobblestone":33,"minecraft:cobbled_deepslate":35,"minecraft:acacia_planks":1},"minecraft:mined":{"minecraft:acacia_leaves":1,"minecraft:deepslate_diamond_ore":38,"minecraft:smoker":1,"minecraft:brewing_stand":1,"minecraft:crafting_table":3,"minecraft:torch":1,"minecraft:granite":39,"minecraft:short_grass":12,"minecraft:blast_furnace":2,"minecraft:acacia_log":18,"minecraft:grass_block":2,"minecraft:melon":2,"minecraft:tall_grass":2,"minecraft:copper_ore":1,"minecraft:deepslate_gold_ore":10,"minecraft:grindstone":1,"minecraft:diorite":7,"minecraft:wall_torch":2,"minecraft:hay_block":15,"minecraft:iron_ore":4,"minecraft:andesite":23,"minecraft:coal_ore":18,"minecraft:dirt":6,"minecraft:acacia_planks":1,"minecraft:stone":66,"minecraft:deepslate":119}},"DataVersion":3955}