{"stats":{"minecraft:killed":{"minecraft:sheep":5,"minecraft:zombie":1},"minecraft:crafted":{"minecraft:diamond_sword":1,"minecraft:diamond_axe":1,"minecraft:crafting_table":2,"minecraft:wooden_pickaxe":1,"minecraft:acacia_boat":1,"minecraft:air":0,"minecraft:diamond_helmet":1,"minecraft:diamond_leggings":1,"minecraft:diamond_pickaxe":1,"minecraft:shield":1,"minecraft:stick":20,"minecraft:iron_ingot":4,"minecraft:iron_pickaxe":1,"minecraft:stone_pickaxe":2,"minecraft:diamond_boots":1,"minecraft:acacia_planks":48,"minecraft:torch":16,"minecraft:diamond_chestplate":1},"minecraft:custom":{"minecraft:mob_kills":6,"minecraft:interact_with_crafting_table":7,"minecraft:leave_game":2,"minecraft:time_since_death":63436,"minecraft:sleep_in_bed":1,"minecraft:time_since_rest":49007,"minecraft:sprint_one_cm":50152,"minecraft:damage_taken":533,"minecraft:walk_one_cm":81910,"minecraft:drop":7,"minecraft:damage_dealt":931,"minecraft:swim_one_cm":36100,"minecraft:fly_one_cm":102037,"minecraft:open_chest":7,"minecraft:crouch_one_cm":11151,"minecraft:play_time":63436,"minecraft:sneak_time":6764,"minecraft:walk_under_water_one_cm":16926,"minecraft:boat_one_cm":113157,"minecraft:jump":718,"minecraft:interact_with_blast_furnace":2,"minecraft:walk_on_water_one_cm":7485,"minecraft:total_world_time":63436,"minecraft:fall_one_cm":17171},"minecraft:picked_up":{"minecraft:crafting_table":4,"minecraft:andesite":39,"minecraft:leather":2,"minecraft:smoker":1,"minecraft:brewing_stand":1,"minecraft:acacia_boat":2,"minecraft:dirt":10,"minecraft:raw_copper":2,"minecraft:acacia_planks":5,"minecraft:wheat_seeds":5,"minecraft:cobbled_deepslate":121,"minecraft:raw_gold":10,"minecraft:beef":2,"minecraft:grindstone":1,"minecraft:stone_pickaxe":1,"minecraft:iron_pickaxe":2,"minecraft:melon_slice":10,"minecraft:acacia_sapling":1,"minecraft:raw_iron":4,"minecraft:gravel":2,"minecraft:torch":4,"minecraft:acacia_log":17,"minecraft:sand":2,"minecraft:blast_furnace":2,"minecraft:diorite":13,"minecraft:diamond":38,"minecraft:hay_block":16,"minecraft:granite":47,"minecraft:mutton":9,"minecraft:coal":18,"minecraft:white_wool":5,"minecraft:cobblestone":141},"minecraft:broken":{"minecraft:stone_pickaxe":1},"minecraft:dropped":{"minecraft:glass_bottle":1,"minecraft:acacia_log":5,"minecraft:sand":1,"minecraft:wooden_pickaxe":1,"minecraft:stone_pickaxe":1,"minecraft:iron_pickaxe":2},"minecraft:used":{"minecraft:acacia_boat":3,"minecraft:diorite":7,"minecraft:stone_pickaxe":166,"minecraft:wooden_pickaxe":44,"minecraft:diamond_axe":3,"minecraft:cooked_salmon":1,"minecraft:torch":11,"minecraft:dirt":5,"minecraft:mutton":9,"minecraft:crafting_table":5,"minecraft:blast_furnace":1,"minecraft:diamond_pickaxe":123,"minecraft:bread":3,"minecraft:melon_slice":10,"minecraft:iron_pickaxe":164,"minecraft:potion":1,"minecraft:diamond_sword":4,"minecraft:cobblestone":54,"minecraft:beef":1,"minecraft:cobbled_deepslate":57,"minecraft:acacia_planks":1},"minecraft:mined":{"minecraft:acacia_leaves":1,"minecraft:deepslate_diamond_ore":38,"minecraft:smoker":1,"minecraft:brewing_stand":1,"minecraft:crafting_table":4,"minecraft:torch":1,"minecraft:granite":47,"minecraft:short_grass":12,"minecraft:acacia_log":18,"minecraft:blast_furnace":2,"minecraft:grass_block":3,"minecraft:melon":2,"minecraft:tall_grass":2,"minecraft:copper_ore":1,"minecraft:deepslate_gold_ore":10,"minecraft:grindstone":1,"minecraft:diorite":13,"minecraft:wall_torch":3,"minecraft:hay_block":15,"minecraft:iron_ore":4,"minecraft:cobbled_deepslate":3,"minecraft:andesite":39,"minecraft:coal_ore":18,"minecraft:gravel":2,"minecraft:sand":6,"minecraft:dirt":7,"minecraft:acacia_planks":1,"minecraft:stone":138,"minecraft:deepslate":119}},"DataVersion":3955}