{"stats":{"minecraft:crafted":{"minecraft:crafting_table":1,"minecraft:stick":4,"minecraft:iron_ingot":4,"minecraft:wooden_pickaxe":1,"minecraft:stone_pickaxe":1,"minecraft:acacia_planks":28,"minecraft:air":0},"minecraft:killed":{"minecraft:sheep":5},"minecraft:custom":{"minecraft:time_since_rest":14315,"minecraft:sprint_one_cm":36537,"minecraft:damage_taken":239,"minecraft:walk_one_cm":55588,"minecraft:mob_kills":5,"minecraft:drop":1,"minecraft:damage_dealt":723,"minecraft:swim_one_cm":3190,"minecraft:interact_with_crafting_table":2,"minecraft:fly_one_cm":74573,"minecraft:open_chest":1,"minecraft:crouch_one_cm":2327,"minecraft:play_time":28744,"minecraft:sneak_time":881,"minecraft:walk_under_water_one_cm":4239,"minecraft:jump":401,"minecraft:interact_with_blast_furnace":2,"minecraft:leave_game":1,"minecraft:walk_on_water_one_cm":347,"minecraft:time_since_death":28744,"minecraft:sleep_in_bed":1,"minecraft:total_world_time":28744,"minecraft:fall_one_cm":11907},"minecraft:picked_up":{"minecraft:raw_iron":4,"minecraft:crafting_table":2,"minecraft:andesite":23,"minecraft:leather":2,"minecraft:acacia_log":7,"minecraft:smoker":1,"minecraft:blast_furnace":2,"minecraft:brewing_stand":1,"minecraft:diorite":7,"minecraft:dirt":8,"minecraft:raw_copper":2,"minecraft:acacia_planks":5,"minecraft:wheat_seeds":5,"minecraft:granite":7,"minecraft:hay_block":16,"minecraft:grindstone":1,"minecraft:beef":2,"minecraft:iron_pickaxe":1,"minecraft:melon_slice":10,"minecraft:mutton":9,"minecraft:coal":18,"minecraft:white_wool":5,"minecraft:cobblestone":48},"minecraft:broken":{"minecraft:stone_pickaxe":1},"minecraft:dropped":{"minecraft:wooden_pickaxe":1},"minecraft:used":{"minecraft:diorite":7,"minecraft:melon_slice":3,"minecraft:bread":3,"minecraft:stone_pickaxe":124,"minecraft:wooden_pickaxe":44,"minecraft:mutton":4,"minecraft:dirt":5,"minecraft:cobblestone":28,"minecraft:crafting_table":2,"minecraft:blast_furnace":1,"minecraft:acacia_planks":1},"minecraft:mined":{"minecraft:hay_block":15,"minecraft:iron_ore":4,"minecraft:smoker":1,"minecraft:andesite":23,"minecraft:brewing_stand":1,"minecraft:crafting_table":2,"minecraft:granite":7,"minecraft:short_grass":11,"minecraft:acacia_log":8,"minecraft:blast_furnace":2,"minecraft:grass_block":2,"minecraft:coal_ore":18,"minecraft:melon":2,"minecraft:dirt":6,"minecraft:copper_ore":1,"minecraft:tall_grass":2,"minecraft:acacia_planks":1,"minecraft:stone":48,"minecraft:grindstone":1,"minecraft:diorite":7}},"DataVersion":3955}