{"stats":{"minecraft:crafted":{"minecraft:crafting_table":1,"minecraft:stick":4,"minecraft:wooden_pickaxe":1,"minecraft:stone_pickaxe":1,"minecraft:acacia_planks":28},"minecraft:killed":{"minecraft:sheep":5},"minecraft:custom":{"minecraft:time_since_rest":2315,"minecraft:sprint_one_cm":31601,"minecraft:damage_taken":119,"minecraft:walk_one_cm":44564,"minecraft:mob_kills":5,"minecraft:drop":1,"minecraft:damage_dealt":723,"minecraft:interact_with_crafting_table":2,"minecraft:fly_one_cm":66598,"minecraft:open_chest":1,"minecraft:crouch_one_cm":1254,"minecraft:play_time":16744,"minecraft:sneak_time":338,"minecraft:jump":319,"minecraft:leave_game":1,"minecraft:time_since_death":16744,"minecraft:sleep_in_bed":1,"minecraft:total_world_time":16744,"minecraft:fall_one_cm":9616},"minecraft:picked_up":{"minecraft:crafting_table":2,"minecraft:leather":2,"minecraft:acacia_log":7,"minecraft:smoker":1,"minecraft:blast_furnace":1,"minecraft:brewing_stand":1,"minecraft:acacia_planks":5,"minecraft:wheat_seeds":5,"minecraft:hay_block":15,"minecraft:grindstone":1,"minecraft:beef":2,"minecraft:mutton":9,"minecraft:white_wool":5,"minecraft:cobblestone":14},"minecraft:dropped":{"minecraft:wooden_pickaxe":1},"minecraft:used":{"minecraft:bread":3,"minecraft:stone_pickaxe":19,"minecraft:wooden_pickaxe":44,"minecraft:crafting_table":2,"minecraft:acacia_planks":1},"minecraft:mined":{"minecraft:hay_block":15,"minecraft:smoker":1,"minecraft:brewing_stand":1,"minecraft:crafting_table":2,"minecraft:short_grass":11,"minecraft:acacia_log":8,"minecraft:blast_furnace":1,"minecraft:tall_grass":2,"minecraft:acacia_planks":1,"minecraft:stone":14,"minecraft:grindstone":1}},"DataVersion":3955}