{"stats":{"minecraft:killed":{"minecraft:sheep":5,"minecraft:zombie":1},"minecraft:crafted":{"minecraft:diamond_sword":1,"minecraft:diamond_axe":1,"minecraft:crafting_table":2,"minecraft:wooden_pickaxe":1,"minecraft:acacia_boat":1,"minecraft:air":0,"minecraft:diamond_helmet":1,"minecraft:diamond_leggings":1,"minecraft:diamond_pickaxe":1,"minecraft:shield":1,"minecraft:stick":20,"minecraft:iron_ingot":4,"minecraft:iron_pickaxe":1,"minecraft:stone_pickaxe":2,"minecraft:diamond_boots":1,"minecraft:acacia_planks":48,"minecraft:torch":28,"minecraft:diamond_chestplate":1},"minecraft:custom":{"minecraft:mob_kills":6,"minecraft:interact_with_crafting_table":7,"minecraft:leave_game":2,"minecraft:time_since_death":87436,"minecraft:sleep_in_bed":1,"minecraft:time_since_rest":73007,"minecraft:sprint_one_cm":82906,"minecraft:damage_taken":663,"minecraft:walk_one_cm":108435,"minecraft:drop":12,"minecraft:damage_dealt":931,"minecraft:swim_one_cm":36100,"minecraft:fly_one_cm":171833,"minecraft:open_chest":8,"minecraft:crouch_one_cm":30384,"minecraft:play_time":87436,"minecraft:sneak_time":11198,"minecraft:walk_under_water_one_cm":16926,"minecraft:boat_one_cm":172784,"minecraft:jump":1179,"minecraft:interact_with_blast_furnace":2,"minecraft:walk_on_water_one_cm":7588,"minecraft:total_world_time":87436,"minecraft:fall_one_cm":29257},"minecraft:picked_up":{"minecraft:crafting_table":4,"minecraft:andesite":39,"minecraft:leather":2,"minecraft:smoker":1,"minecraft:brewing_stand":1,"minecraft:acacia_boat":3,"minecraft:dirt":20,"minecraft:raw_copper":2,"minecraft:acacia_planks":5,"minecraft:wheat_seeds":5,"minecraft:warped_stem":1,"minecraft:cobbled_deepslate":121,"minecraft:raw_gold":10,"minecraft:beef":2,"minecraft:grindstone":1,"minecraft:stone_pickaxe":1,"minecraft:iron_pickaxe":2,"minecraft:melon_slice":10,"minecraft:acacia_sapling":1,"minecraft:raw_iron":4,"minecraft:gravel":2,"minecraft:torch":5,"minecraft:acacia_log":17,"minecraft:sand":6,"minecraft:blast_furnace":2,"minecraft:diorite":13,"minecraft:diamond":38,"minecraft:hay_block":16,"minecraft:granite":51,"minecraft:warped_roots":6,"minecraft:netherrack":46,"minecraft:mutton":9,"minecraft:coal":18,"minecraft:white_wool":5,"minecraft:cobblestone":195},"minecraft:broken":{"minecraft:stone_pickaxe":1},"minecraft:used":{"minecraft:acacia_boat":3,"minecraft:diorite":7,"minecraft:stone_pickaxe":166,"minecraft:wooden_pickaxe":44,"minecraft:diamond_axe":7,"minecraft:cooked_salmon":5,"minecraft:torch":14,"minecraft:dirt":5,"minecraft:mutton":9,"minecraft:crafting_table":5,"minecraft:blast_furnace":1,"minecraft:granite":51,"minecraft:diamond_pickaxe":287,"minecraft:bread":3,"minecraft:melon_slice":10,"minecraft:iron_pickaxe":164,"minecraft:potion":1,"minecraft:diamond_sword":4,"minecraft:cobblestone":172,"minecraft:beef":1,"minecraft:cobbled_deepslate":121,"minecraft:acacia_planks":1},"minecraft:dropped":{"minecraft:gravel":2,"minecraft:glass_bottle":1,"minecraft:acacia_log":5,"minecraft:sand":5,"minecraft:wooden_pickaxe":1,"minecraft:stone_pickaxe":1,"minecraft:iron_pickaxe":2},"minecraft:mined":{"minecraft:acacia_leaves":1,"minecraft:deepslate_diamond_ore":38,"minecraft:smoker":1,"minecraft:powder_snow":5,"minecraft:brewing_stand":1,"minecraft:crafting_table":4,"minecraft:torch":1,"minecraft:granite":52,"minecraft:short_grass":12,"minecraft:acacia_log":18,"minecraft:blast_furnace":2,"minecraft:grass_block":5,"minecraft:melon":2,"minecraft:warped_roots":1,"minecraft:tall_grass":2,"minecraft:copper_ore":1,"minecraft:deepslate_gold_ore":10,"minecraft:grindstone":1,"minecraft:diorite":29,"minecraft:wall_torch":4,"minecraft:hay_block":15,"minecraft:warped_nylium":48,"minecraft:iron_ore":5,"minecraft:cobbled_deepslate":3,"minecraft:andesite":41,"minecraft:coal_ore":18,"minecraft:warped_stem":1,"minecraft:gravel":4,"minecraft:sand":8,"minecraft:dirt":15,"minecraft:acacia_planks":1,"minecraft:stone":212,"minecraft:netherrack":8,"minecraft:deepslate":120}},"DataVersion":3955}