{"stats":{"minecraft:crafted":{"minecraft:acacia_planks":28,"minecraft:crafting_table":1,"minecraft:stick":4,"minecraft:stone_pickaxe":1,"minecraft:wooden_pickaxe":1},"minecraft:killed":{"minecraft:sheep":5},"minecraft:custom":{"minecraft:time_since_rest":7440,"minecraft:crouch_one_cm":841,"minecraft:play_time":7440,"minecraft:sprint_one_cm":16556,"minecraft:damage_taken":34,"minecraft:walk_one_cm":19584,"minecraft:sneak_time":249,"minecraft:mob_kills":5,"minecraft:jump":228,"minecraft:damage_dealt":556,"minecraft:time_since_death":7440,"minecraft:total_world_time":7440,"minecraft:interact_with_crafting_table":2,"minecraft:fall_one_cm":7607,"minecraft:fly_one_cm":46900},"minecraft:picked_up":{"minecraft:crafting_table":2,"minecraft:acacia_planks":4,"minecraft:wheat_seeds":1,"minecraft:acacia_log":7,"minecraft:mutton":9,"minecraft:white_wool":5,"minecraft:cobblestone":14},"minecraft:used":{"minecraft:crafting_table":2,"minecraft:stone_pickaxe":7,"minecraft:wooden_pickaxe":44},"minecraft:mined":{"minecraft:short_grass":9,"minecraft:acacia_log":8,"minecraft:tall_grass":2,"minecraft:stone":14,"minecraft:crafting_table":2}},"DataVersion":3955}