{"stats":{"minecraft:killed":{"minecraft:sheep":5,"minecraft:zombie":1},"minecraft:crafted":{"minecraft:diamond_sword":1,"minecraft:diamond_axe":1,"minecraft:crafting_table":2,"minecraft:wooden_pickaxe":1,"minecraft:acacia_boat":1,"minecraft:air":0,"minecraft:diamond_helmet":1,"minecraft:diamond_leggings":1,"minecraft:diamond_pickaxe":1,"minecraft:shield":1,"minecraft:stick":20,"minecraft:iron_ingot":4,"minecraft:iron_pickaxe":1,"minecraft:stone_pickaxe":2,"minecraft:diamond_boots":1,"minecraft:acacia_planks":48,"minecraft:torch":28,"minecraft:diamond_chestplate":1},"minecraft:custom":{"minecraft:mob_kills":6,"minecraft:interact_with_crafting_table":7,"minecraft:leave_game":3,"minecraft:time_since_death":2081,"minecraft:sleep_in_bed":1,"minecraft:time_since_rest":2108,"minecraft:sprint_one_cm":105501,"minecraft:damage_taken":1594,"minecraft:walk_one_cm":122504,"minecraft:drop":13,"minecraft:damage_dealt":990,"minecraft:swim_one_cm":36100,"minecraft:fly_one_cm":202262,"minecraft:open_chest":8,"minecraft:crouch_one_cm":32486,"minecraft:play_time":94804,"minecraft:deaths":3,"minecraft:sneak_time":11589,"minecraft:walk_under_water_one_cm":16926,"minecraft:boat_one_cm":172784,"minecraft:jump":1368,"minecraft:interact_with_blast_furnace":2,"minecraft:walk_on_water_one_cm":7588,"minecraft:total_world_time":94804,"minecraft:fall_one_cm":36353},"minecraft:picked_up":{"minecraft:crafting_table":4,"minecraft:andesite":39,"minecraft:leather":6,"minecraft:smoker":3,"minecraft:filled_map":1,"minecraft:potion":6,"minecraft:nether_brick":6,"minecraft:brewing_stand":1,"minecraft:acacia_boat":5,"minecraft:dirt":20,"minecraft:raw_copper":2,"minecraft:compass":2,"minecraft:acacia_planks":5,"minecraft:wheat_seeds":5,"minecraft:warped_stem":3,"minecraft:cobbled_deepslate":121,"minecraft:raw_gold":10,"minecraft:iron_ingot":61,"minecraft:beef":3,"minecraft:grindstone":1,"minecraft:stone_pickaxe":1,"minecraft:iron_pickaxe":4,"minecraft:melon_slice":10,"minecraft:soul_sand":12,"minecraft:acacia_sapling":1,"minecraft:raw_iron":4,"minecraft:fire_charge":1,"minecraft:quartz":2,"minecraft:gravel":2,"minecraft:torch":25,"minecraft:acacia_log":17,"minecraft:sand":6,"minecraft:blast_furnace":4,"minecraft:diorite":13,"minecraft:crying_obsidian":2,"minecraft:spectral_arrow":19,"minecraft:diamond":60,"minecraft:hay_block":48,"minecraft:diamond_axe":1,"minecraft:granite":51,"minecraft:warped_roots":6,"minecraft:netherrack":46,"minecraft:mutton":9,"minecraft:coal":28,"minecraft:white_wool":10,"minecraft:cobblestone":196,"minecraft:diamond_pickaxe":1},"minecraft:broken":{"minecraft:stone_pickaxe":1},"minecraft:killed_by":{"minecraft:piglin":3},"minecraft:used":{"minecraft:acacia_boat":3,"minecraft:diorite":7,"minecraft:stone_pickaxe":166,"minecraft:wooden_pickaxe":44,"minecraft:diamond_axe":7,"minecraft:cooked_salmon":5,"minecraft:netherrack":25,"minecraft:torch":14,"minecraft:dirt":5,"minecraft:mutton":9,"minecraft:crafting_table":5,"minecraft:blast_furnace":1,"minecraft:granite":51,"minecraft:diamond_pickaxe":288,"minecraft:bread":3,"minecraft:melon_slice":10,"minecraft:iron_pickaxe":164,"minecraft:potion":1,"minecraft:diamond_sword":4,"minecraft:cobblestone":172,"minecraft:beef":1,"minecraft:cobbled_deepslate":121,"minecraft:acacia_planks":1},"minecraft:dropped":{"minecraft:gravel":2,"minecraft:glass_bottle":1,"minecraft:cobblestone":1,"minecraft:acacia_log":5,"minecraft:sand":5,"minecraft:wooden_pickaxe":1,"minecraft:stone_pickaxe":1,"minecraft:iron_pickaxe":2},"minecraft:mined":{"minecraft:acacia_leaves":1,"minecraft:deepslate_diamond_ore":38,"minecraft:smoker":1,"minecraft:powder_snow":5,"minecraft:brewing_stand":1,"minecraft:crafting_table":4,"minecraft:torch":1,"minecraft:granite":52,"minecraft:short_grass":12,"minecraft:acacia_log":18,"minecraft:blast_furnace":2,"minecraft:grass_block":5,"minecraft:melon":2,"minecraft:warped_roots":1,"minecraft:nether_quartz_ore":1,"minecraft:tall_grass":2,"minecraft:copper_ore":1,"minecraft:deepslate_gold_ore":10,"minecraft:grindstone":1,"minecraft:diorite":29,"minecraft:wall_torch":4,"minecraft:hay_block":15,"minecraft:warped_nylium":48,"minecraft:iron_ore":5,"minecraft:cobbled_deepslate":3,"minecraft:andesite":41,"minecraft:coal_ore":18,"minecraft:warped_stem":1,"minecraft:gravel":4,"minecraft:sand":8,"minecraft:dirt":15,"minecraft:acacia_planks":1,"minecraft:stone":212,"minecraft:netherrack":8,"minecraft:deepslate":120}},"DataVersion":3955}